"Type","Start","End","Duration","Start Condition","Start Location","End Condition","Notes"
"Sleep","2026-07-27 07:58","2026-07-27 09:28","01:30",,,,
"Diaper","2026-07-27 07:46",,"yellow",,,"Poo:medium",
"Diaper","2026-07-27 07:32",,"yellow",,,"Both, poo:small pee:large",
"Pump","2026-07-27 07:16","2026-07-27 07:43","00:27","198ml",,,
"Feed","2026-07-27 07:07",,,"Breast Milk","Bottle","140ml","Vitamin D"
"Pump","2026-07-27 02:31","2026-07-27 02:59","00:28","218ml",,,
"Pump","2026-07-26 21:30","2026-07-26 21:56","00:26","147ml",,,
"Diaper","2026-07-26 20:07",,"yellow",,,"Both, poo:medium pee:large",
"Feed","2026-07-26 19:32",,,"Breast Milk","Bottle","140ml",
"Meds","2026-07-26 19:27",,,"0.3ml","Gas drops",,
"Pump","2026-07-26 18:26","2026-07-26 18:51","00:25","153ml",,,
"Sleep","2026-07-26 18:21","2026-07-26 18:54","00:33",,,,
"Diaper","2026-07-26 18:16",,,,,"Pee:small",
"Bath","2026-07-26 17:30",,,,,,
"Diaper","2026-07-26 17:24",,,,,"Pee:large",
"Tummy time","2026-07-26 17:14","2026-07-26 17:21","00:07",,,,
"Meds","2026-07-26 16:37",,,"0.3ml","Gas drops",,
"Feed","2026-07-26 16:37",,,"Breast Milk","Bottle","130ml",
"Sleep","2026-07-26 15:45","2026-07-26 16:06","00:21",,,,
"Sleep","2026-07-26 15:28","2026-07-26 15:41","00:13",,,,
"Pump","2026-07-26 15:22","2026-07-26 15:47","00:25","161ml",,,
"Diaper","2026-07-26 15:20",,,,,"Pee:small",
"Tummy time","2026-07-26 14:49","2026-07-26 14:54","00:05",,,,
"Diaper","2026-07-26 14:44",,,,,"Both, poo:medium pee:large",
"Feed","2026-07-26 13:55",,,"Breast Milk","Bottle","125ml",
"Sleep","2026-07-26 13:06","2026-07-26 13:43","00:37",,,,
"Sleep","2026-07-26 12:35","2026-07-26 12:53","00:18",,,,
"Diaper","2026-07-26 12:26",,,,,"Pee:small",
"Pump","2026-07-26 12:19","2026-07-26 12:47","00:28","106ml",,,
"Feed","2026-07-26 12:13","2026-07-26 12:15","00:02","00:00R","Breast","00:01L",
"Tummy time","2026-07-26 11:51","2026-07-26 11:57","00:06",,,,
"Diaper","2026-07-26 11:38",,,,,"Pee:large",
"Feed","2026-07-26 11:14",,,"Breast Milk","Bottle","80ml",
"Feed","2026-07-26 10:54","2026-07-26 11:03","00:08",,"Breast","00:08L",
"Sleep","2026-07-26 10:10","2026-07-26 10:50","00:40",,,,
"Sleep","2026-07-26 09:25","2026-07-26 09:56","00:31",,,,
"Diaper","2026-07-26 09:13",,,,,"Pee:small",
"Tummy time","2026-07-26 08:26","2026-07-26 08:32","00:06",,,,
"Diaper","2026-07-26 08:26",,,,,"Pee:medium",
"Feed","2026-07-26 07:55",,,"Breast Milk","Bottle","86ml","Offered 130. Left 44 ML in bottle. "
"Diaper","2026-07-26 07:52",,"yellow",,,"Both, poo:medium pee:large",
"Pump","2026-07-26 07:30","2026-07-26 08:10","00:40","257ml",,,
"Sleep","2026-07-26 05:51","2026-07-26 07:44","01:53",,,,
"Diaper","2026-07-26 05:34",,,,,"Pee:large",
"Feed","2026-07-26 05:06",,,"Breast Milk","Bottle","140ml","Vitamin D"
"Pump","2026-07-26 02:36","2026-07-26 03:02","00:26","252ml",,,
"Diaper","2026-07-25 21:43",,,,,"Pee:small",
"Diaper","2026-07-25 21:31",,,,,"Pee",
"Pump","2026-07-25 21:27","2026-07-25 21:53","00:26","178ml",,,
"Diaper","2026-07-25 21:18",,"yellow",,,"Both, poo:large pee:large",
"Feed","2026-07-25 20:44",,,"Breast Milk","Bottle","140ml",
"Meds","2026-07-25 20:40",,,"0.3ml","Gas drops",,
"Sleep","2026-07-25 19:01","2026-07-25 20:40","01:39",,,,
"Pump","2026-07-25 18:25","2026-07-25 18:50","00:25","119ml",,,
"Diaper","2026-07-25 18:24",,,,,"Pee:medium",
"Feed","2026-07-25 17:56",,,"Breast Milk","Bottle","130ml",
"Tummy time","2026-07-25 17:44","2026-07-25 17:48","00:04",,,,
"Sleep","2026-07-25 17:09","2026-07-25 17:39","00:30",,,,
"Sleep","2026-07-25 16:35","2026-07-25 17:05","00:29",,,,
"Tummy time","2026-07-25 15:36","2026-07-25 15:43","00:06",,,,
"Diaper","2026-07-25 15:31",,"yellow",,,"Both, poo:medium pee:large",
"Pump","2026-07-25 15:13","2026-07-25 15:39","00:26","173ml",,,"Tits 🍋🍋"
"Feed","2026-07-25 15:04",,,"Breast Milk","Bottle","140ml",
"Sleep","2026-07-25 14:14","2026-07-25 14:55","00:41",,,,
"Sleep","2026-07-25 13:45","2026-07-25 14:09","00:24",,,,
"Sleep","2026-07-25 13:14","2026-07-25 13:41","00:27",,,,
"Diaper","2026-07-25 13:04",,,,,"Pee:medium",
"Tummy time","2026-07-25 12:48","2026-07-25 12:54","00:06",,,,
"Diaper","2026-07-25 12:31",,"yellow",,,"Both, poo:large pee:medium",
"Feed","2026-07-25 12:01",,,"Breast Milk","Bottle","140ml",
"Pump","2026-07-25 11:40","2026-07-25 12:06","00:26","148ml",,,
"Sleep","2026-07-25 11:25","2026-07-25 11:55","00:30",,,,
"Sleep","2026-07-25 10:30","2026-07-25 11:06","00:36",,,,
"Diaper","2026-07-25 10:04",,,,,"Pee:large",
"Tummy time","2026-07-25 09:48","2026-07-25 09:56","00:08",,,,
"Feed","2026-07-25 09:08",,,"Breast Milk","Bottle","140ml",
"Sleep","2026-07-25 08:14","2026-07-25 09:00","00:46",,,,
"Pump","2026-07-25 07:32","2026-07-25 08:12","00:40","255ml",,,"Power pump session"
"Sleep","2026-07-25 07:27","2026-07-25 07:47","00:19",,,,
"Tummy time","2026-07-25 07:14","2026-07-25 07:17","00:03",,,,
"Diaper","2026-07-25 06:13",,"yellow",,,"Both, poo:large pee:large",
"Feed","2026-07-25 06:11",,,"Breast Milk","Bottle","140ml","D"
"Pump","2026-07-25 02:28","2026-07-25 02:56","00:28","225ml",,,
"Pump","2026-07-24 21:30","2026-07-24 21:58","00:28","154ml",,,
"Diaper","2026-07-24 21:13",,,,,"Pee:large",
"Tummy time","2026-07-24 21:06","2026-07-24 21:07","00:01",,,,
"Feed","2026-07-24 20:34",,,"Breast Milk","Bottle","140ml",
"Meds","2026-07-24 20:33",,,"0.3ml","Gas drops",,
"Diaper","2026-07-24 19:17",,"yellow",,,"Poo:medium",
"Diaper","2026-07-24 19:08",,,,,"Pee:medium",
"Tummy time","2026-07-24 18:47","2026-07-24 18:51","00:03",,,,
"Tummy time","2026-07-24 18:41","2026-07-24 18:44","00:03",,,,
"Pump","2026-07-24 18:34","2026-07-24 18:59","00:25","140ml",,,
"Diaper","2026-07-24 18:18",,,,,"Pee:large",
"Feed","2026-07-24 17:45",,,"Breast Milk","Bottle","135ml",
"Sleep","2026-07-24 16:30","2026-07-24 17:03","00:33",,,,
"Diaper","2026-07-24 16:21",,,,,"Pee:small",
"Pump","2026-07-24 15:28","2026-07-24 15:55","00:27","194ml",,,
"Tummy time","2026-07-24 15:26","2026-07-24 15:30","00:04",,,,
"Diaper","2026-07-24 15:17",,"yellow",,,"Both, poo:large pee:large",
"Feed","2026-07-24 14:48",,,"Breast Milk","Bottle","120ml","Offered 140"
"Sleep","2026-07-24 13:50","2026-07-24 14:35","00:45",,,,
"Tummy time","2026-07-24 13:35","2026-07-24 13:38","00:03",,,,
"Diaper","2026-07-24 13:35",,,,,"Pee",
"Sleep","2026-07-24 13:19","2026-07-24 13:44","00:25",,,,
"Feed","2026-07-24 12:55",,,"Breast Milk","Bottle","30ml",
"Diaper","2026-07-24 12:21",,,,,"Both, pee:large poo:small",
"Feed","2026-07-24 11:49",,,"Breast Milk","Bottle","140ml",
"Pump","2026-07-24 11:24","2026-07-24 11:54","00:30","196ml",,,
"Sleep","2026-07-24 11:10","2026-07-24 11:49","00:39",,,,
"Tummy time","2026-07-24 10:21","2026-07-24 10:24","00:03",,,,
"Diaper","2026-07-24 10:21",,,,,"Pee:small",
"Sleep","2026-07-24 10:08","2026-07-24 10:53","00:45",,,,
"Diaper","2026-07-24 09:53",,"yellow",,,"Both, poo:medium pee:large",
"Feed","2026-07-24 09:21",,,"Breast Milk","Bottle","140ml",
"Sleep","2026-07-24 07:30","2026-07-24 09:20","01:50",,,,
"Pump","2026-07-24 07:22","2026-07-24 07:49","00:27","208ml",,,
"Diaper","2026-07-24 06:59",,,,,"Both, poo:medium pee:large",
"Feed","2026-07-24 06:32",,,"Breast Milk","Bottle","140ml","Vitamin D"
"Pump","2026-07-24 02:28","2026-07-24 02:55","00:27","221ml",,,
"Pump","2026-07-23 21:27","2026-07-23 21:53","00:26","167ml",,,
"Diaper","2026-07-23 20:59",,,,,"Pee:small",
"Diaper","2026-07-23 20:47",,,,,"Pee:small",
"Feed","2026-07-23 20:10",,,"Breast Milk","Bottle","145ml",
"Meds","2026-07-23 20:09",,,"0.3ml","Gas drops",,
"Diaper","2026-07-23 18:05",,,,,"Pee:small",
"Pump","2026-07-23 17:58","2026-07-23 18:23","00:25","183ml",,,
"Diaper","2026-07-23 17:25",,,,,"Both, poo:small pee:medium",
"Feed","2026-07-23 16:50",,,"Breast Milk","Bottle","140ml",
"Tummy time","2026-07-23 15:32","2026-07-23 15:36","00:04",,,,
"Diaper","2026-07-23 15:30",,,,,"Pee:medium",
"Tummy time","2026-07-23 14:56","2026-07-23 15:03","00:07",,,,
"Pump","2026-07-23 14:24","2026-07-23 14:51","00:27","192ml",,,
"Feed","2026-07-23 14:11",,,"Breast Milk","Bottle","140ml",
"Sleep","2026-07-23 13:10","2026-07-23 14:05","00:55",,,,
"Sleep","2026-07-23 12:29","2026-07-23 12:56","00:27",,,,
"Diaper","2026-07-23 12:27",,,,,"Pee",
"Tummy time","2026-07-23 12:20","2026-07-23 12:26","00:06",,,,
"Diaper","2026-07-23 12:01",,"green",,,"Both, pee:medium poo:small",
"Diaper","2026-07-23 11:59",,,,,"Pee:medium",
"Tummy time","2026-07-23 11:31","2026-07-23 11:39","00:08",,,,
"Feed","2026-07-23 11:11",,,"Breast Milk","Bottle","140ml",
"Pump","2026-07-23 10:20","2026-07-23 10:46","00:26","170ml",,,
"Sleep","2026-07-23 10:15","2026-07-23 10:56","00:41",,,,
"Sleep","2026-07-23 09:45","2026-07-23 10:15","00:30",,,,
"Diaper","2026-07-23 09:39",,,,,"Pee",
"Diaper","2026-07-23 09:39",,"yellow",,,"Both, poo:medium pee:small",
"Feed","2026-07-23 08:30",,,"Breast Milk","Bottle","140ml",
"Diaper","2026-07-23 08:29",,"yellow",,,"Both, poo:medium pee:large",
"Sleep","2026-07-23 07:23","2026-07-23 07:58","00:35",,,,
"Pump","2026-07-23 06:58","2026-07-23 07:24","00:26","194ml",,,
"Diaper","2026-07-23 06:44",,,,,"Pee:small",
"Diaper","2026-07-23 06:11",,"yellow",,,"Both, poo:medium pee:large",
"Feed","2026-07-23 05:51",,,"Breast Milk","Bottle","140ml","Vitamin D"
"Pump","2026-07-23 02:31","2026-07-23 02:57","00:26","211ml",,,
"Pump","2026-07-22 21:24","2026-07-22 21:49","00:25","139ml",,,
"Diaper","2026-07-22 21:15",,,,,"Pee:small",
"Meds","2026-07-22 20:27",,,"0.3ml","Gas drops",,
"Feed","2026-07-22 20:27",,,"Breast Milk","Bottle","145ml",
"Diaper","2026-07-22 20:17",,"green",,,"Both, poo:medium pee:large",
"Diaper","2026-07-22 18:31",,"yellow",,,"Both, poo:medium pee:small",
"Pump","2026-07-22 18:10","2026-07-22 18:35","00:25","142ml",,,
"Feed","2026-07-22 18:05",,,"Breast Milk","Bottle","135ml",
"Sleep","2026-07-22 17:38","2026-07-22 18:04","00:26",,,,
"Sleep","2026-07-22 16:35","2026-07-22 17:00","00:25",,,,
"Diaper","2026-07-22 16:27",,,,,"Pee:small",
"Tummy time","2026-07-22 16:15","2026-07-22 16:23","00:08",,,,
"Diaper","2026-07-22 16:00",,"green",,,"Both, pee:medium poo:small",
"Feed","2026-07-22 15:25",,,"Breast Milk","Bottle","130ml",
"Pump","2026-07-22 15:20","2026-07-22 15:46","00:26","202ml",,,
"Sleep","2026-07-22 14:50","2026-07-22 15:20","00:30",,,,
"Diaper","2026-07-22 14:24",,,,,"Pee:medium",
"Sleep","2026-07-22 14:11","2026-07-22 14:45","00:34",,,,
"Diaper","2026-07-22 13:28",,"green",,,"Both, poo:medium pee:large",
"Tummy time","2026-07-22 13:22","2026-07-22 13:26","00:04",,,,
"Feed","2026-07-22 12:38",,,"Breast Milk","Bottle","130ml",
"Pump","2026-07-22 11:14","2026-07-22 11:43","00:29","194ml",,,
"Tummy time","2026-07-22 10:46","2026-07-22 10:52","00:06",,,,
"Sleep","2026-07-22 10:35","2026-07-22 12:39","02:04",,,,
"Diaper","2026-07-22 10:17",,"green",,,"Both, poo:medium pee:medium",
"Diaper","2026-07-22 09:40",,"yellow",,,"Both, pee:large poo:large",
"Feed","2026-07-22 09:35",,,"Breast Milk","Bottle","124ml","Offered 140mL but did not finish last 16mL"
"Diaper","2026-07-22 07:47",,"yellow",,,"Both, poo:small pee:medium",
"Pump","2026-07-22 07:14","2026-07-22 07:40","00:26","204ml",,,
"Diaper","2026-07-22 06:56",,"yellow",,,"Both, poo:large pee:large",
"Feed","2026-07-22 06:56",,,"Breast Milk","Bottle","135ml","D"
"Pump","2026-07-22 02:16","2026-07-22 02:44","00:28","182ml",,,
"Feed","2026-07-22 00:08",,,"Breast Milk","Bottle","95ml",
"Feed","2026-07-21 23:45","2026-07-21 23:54","00:09",,"Breast","00:09L",
"Diaper","2026-07-21 23:44",,,,,"Pee:small",
"Pump","2026-07-21 21:10","2026-07-21 21:36","00:26","147ml",,,
"Diaper","2026-07-21 21:07",,,,,"Pee:small",
"Tummy time","2026-07-21 21:02","2026-07-21 21:07","00:05",,,,
"Diaper","2026-07-21 20:45",,"green","Mucousy",,"Both, poo:medium pee:small",
"Meds","2026-07-21 20:15",,,"0.3ml","Gas drops",,
"Feed","2026-07-21 20:15",,,"Breast Milk","Bottle","140ml",
"Sleep","2026-07-21 19:05","2026-07-21 20:14","01:08",,,,
"Diaper","2026-07-21 18:46",,,,,"Pee:large",
"Pump","2026-07-21 18:18","2026-07-21 18:42","00:24","146ml",,,
"Tummy time","2026-07-21 18:03","2026-07-21 18:07","00:04",,,,
"Diaper","2026-07-21 17:55",,,,,"Pee:medium",
"Feed","2026-07-21 17:30",,,"Breast Milk","Bottle","140ml",
"Sleep","2026-07-21 17:00","2026-07-21 17:30","00:30",,,,
"Sleep","2026-07-21 16:09","2026-07-21 16:42","00:33",,,,
"Diaper","2026-07-21 16:03",,,,,"Pee:small",
"Diaper","2026-07-21 15:45",,,,,"Pee",
"Bath","2026-07-21 15:25",,,,,,
"Tummy time","2026-07-21 15:25","2026-07-21 15:29","00:04",,,,
"Pump","2026-07-21 15:17","2026-07-21 15:44","00:27","188ml",,,
"Diaper","2026-07-21 15:03",,"yellow",,,"Both, poo:medium pee:medium",
"Feed","2026-07-21 14:35",,,"Breast Milk","Bottle","135ml",
"Sleep","2026-07-21 14:02","2026-07-21 14:21","00:19",,,,
"Sleep","2026-07-21 13:35","2026-07-21 14:00","00:25",,,,
"Sleep","2026-07-21 13:00","2026-07-21 13:35","00:35",,,,
"Diaper","2026-07-21 12:55",,,,,"Pee:large",
"Tummy time","2026-07-21 12:07","2026-07-21 12:12","00:05",,,,
"Diaper","2026-07-21 12:05",,"yellow",,,"Both, poo:medium pee:large",
"Pump","2026-07-21 11:26","2026-07-21 11:52","00:26","185ml",,,
"Feed","2026-07-21 11:24",,,"Breast Milk","Bottle","110ml",
"Sleep","2026-07-21 10:53","2026-07-21 11:18","00:25",,,,
"Sleep","2026-07-21 10:20","2026-07-21 10:51","00:31",,,,
"Diaper","2026-07-21 10:05",,,,,"Pee",
"Tummy time","2026-07-21 09:46","2026-07-21 09:50","00:04",,,,
"Diaper","2026-07-21 09:39",,"yellow",,,"Both, poo:large pee:large",
"Feed","2026-07-21 08:52",,,"Breast Milk","Bottle","140ml",
"Pump","2026-07-21 07:19","2026-07-21 07:45","00:26","219ml",,,
"Tummy time","2026-07-21 06:45","2026-07-21 06:49","00:04",,,,
"Diaper","2026-07-21 06:43",,,,,"Pee:small",
"Diaper","2026-07-21 06:13",,"yellow","Mucousy",,"Both, poo:large pee:large",
"Sleep","2026-07-21 06:10","2026-07-21 08:52","02:42",,,,
"Feed","2026-07-21 05:21",,,"Breast Milk","Bottle","140ml","Vitamin D"
"Pump","2026-07-21 02:23","2026-07-21 02:50","00:27","211ml",,,
"Pump","2026-07-20 21:31","2026-07-20 21:56","00:25","153ml",,,
"Diaper","2026-07-20 21:10",,,,,"Pee:medium",
"Feed","2026-07-20 20:35",,,"Breast Milk","Bottle","145ml",
"Meds","2026-07-20 20:32",,,"0.3ml","Gas drops",,
"Diaper","2026-07-20 19:41",,,,,"Pee:large",
"Tummy time","2026-07-20 18:34","2026-07-20 18:38","00:04",,,,
"Pump","2026-07-20 18:33","2026-07-20 18:58","00:25","147ml",,,
"Diaper","2026-07-20 18:26",,,,,"Pee:large",
"Feed","2026-07-20 18:03",,,"Breast Milk","Bottle","140ml",
"Sleep","2026-07-20 17:01","2026-07-20 18:00","00:59",,,,
"Diaper","2026-07-20 16:34",,,,,"Pee:medium",
"Tummy time","2026-07-20 16:16","2026-07-20 16:20","00:04",,,,
"Diaper","2026-07-20 15:53",,"yellow",,,"Both, poo:medium pee:large",
"Feed","2026-07-20 15:14",,,"Breast Milk","Bottle","145ml",
"Pump","2026-07-20 15:13","2026-07-20 15:40","00:27","191ml",,,
"Sleep","2026-07-20 13:50","2026-07-20 15:12","01:21",,,,
"Diaper","2026-07-20 13:20",,,,,"Pee:medium",
"Tummy time","2026-07-20 12:41","2026-07-20 12:47","00:05",,,,
"Tummy time","2026-07-20 12:38","2026-07-20 12:40","00:02",,,,
"Diaper","2026-07-20 12:33",,"yellow",,,"Both, poo:large pee:large",
"Feed","2026-07-20 12:06",,,"Breast Milk","Bottle","145ml",
"Sleep","2026-07-20 11:16","2026-07-20 12:05","00:48",,,,
"Pump","2026-07-20 11:05","2026-07-20 11:31","00:26","181ml",,,
"Sleep","2026-07-20 10:07","2026-07-20 10:41","00:34",,,,
"Diaper","2026-07-20 09:54",,,,,"Pee:medium",
"Tummy time","2026-07-20 09:41","2026-07-20 09:44","00:02",,,,
"Tummy time","2026-07-20 09:26","2026-07-20 09:30","00:03",,,,
"Diaper","2026-07-20 09:17",,,,,"Pee:large",
"Feed","2026-07-20 08:53",,,"Breast Milk","Bottle","145ml",
"Pump","2026-07-20 07:05","2026-07-20 07:31","00:26","212ml",,,
"Sleep","2026-07-20 06:40","2026-07-20 08:52","02:12",,,,
"Diaper","2026-07-20 06:21",,"yellow",,,"Both, poo:large pee:large",
"Feed","2026-07-20 05:50",,,"Breast Milk","Bottle","140ml","Vitamin D"
"Pump","2026-07-20 02:08","2026-07-20 02:34","00:26","218ml",,,
"Pump","2026-07-19 21:15","2026-07-19 21:40","00:25","144ml",,,
"Diaper","2026-07-19 21:10",,,,,"Pee:small",
"Tummy time","2026-07-19 20:54","2026-07-19 20:58","00:04",,,,
"Diaper","2026-07-19 20:46",,"yellow","Mucousy",,"Both, poo:medium pee:small",
"Feed","2026-07-19 20:14",,,"Breast Milk","Bottle","145ml",
"Meds","2026-07-19 20:11",,,"0.3ml","Gas drops",,
"Diaper","2026-07-19 19:00",,,,,"Pee:medium",
"Tummy time","2026-07-19 18:16","2026-07-19 18:22","00:06",,,,
"Pump","2026-07-19 18:12","2026-07-19 18:32","00:20","111ml",,,
"Diaper","2026-07-19 18:07",,"yellow",,,"Both, poo:large pee:large",
"Feed","2026-07-19 17:35",,,"Breast Milk","Bottle","140ml",
"Sleep","2026-07-19 16:20","2026-07-19 17:07","00:47",,,,
"Feed","2026-07-19 16:00",,,"Breast Milk","Bottle","30ml",
"Tummy time","2026-07-19 15:43","2026-07-19 15:53","00:10",,,,
"Diaper","2026-07-19 15:21",,"yellow",,,"Both, poo:medium pee:large",
"Pump","2026-07-19 14:57","2026-07-19 15:37","00:40","218ml",,,"Power pump session "
"Feed","2026-07-19 14:55",,,"Breast Milk","Bottle","140ml",
"Sleep","2026-07-19 13:00","2026-07-19 14:53","01:52",,,,
"Tummy time","2026-07-19 12:32","2026-07-19 12:38","00:06",,,,
"Diaper","2026-07-19 12:14",,"green","Mucousy",,"Both, pee:large poo:large",
"Feed","2026-07-19 11:48",,,"Breast Milk","Bottle","133ml","Did not finish 7mL"
"Pump","2026-07-19 10:58","2026-07-19 11:24","00:26","155ml",,,
"Sleep","2026-07-19 10:37","2026-07-19 11:14","00:37",,,,
"Tummy time","2026-07-19 10:05","2026-07-19 10:09","00:04",,,,
"Diaper","2026-07-19 09:56",,"yellow",,,"Both, poo:medium pee:large",
"Feed","2026-07-19 09:25",,,"Breast Milk","Bottle","140ml","Vitamin D"
"Sleep","2026-07-19 08:39","2026-07-19 09:17","00:38",,,,
"Pump","2026-07-19 07:37","2026-07-19 08:04","00:27","212ml",,,
"Sleep","2026-07-19 07:26","2026-07-19 08:19","00:53",,,,
"Diaper","2026-07-19 07:07",,"yellow",,,"Both, poo:large pee:large",
"Feed","2026-07-19 06:40",,,"Breast Milk","Bottle","140ml",
"Pump","2026-07-19 02:41","2026-07-19 03:08","00:27","230ml",,,
"Pump","2026-07-18 21:29","2026-07-18 21:54","00:25","136ml",,,
"Diaper","2026-07-18 20:45",,,,,"Pee:medium",
"Meds","2026-07-18 20:34",,,"0.3ml","Gas drops",,
"Feed","2026-07-18 20:06",,,"Breast Milk","Bottle","140ml",
"Sleep","2026-07-18 19:23","2026-07-18 20:06","00:42",,,,
"Diaper","2026-07-18 19:02",,,,,"Pee:medium",
"Pump","2026-07-18 18:35","2026-07-18 19:01","00:26","136ml",,,
"Tummy time","2026-07-18 18:20","2026-07-18 18:26","00:06",,,,
"Diaper","2026-07-18 18:03",,"yellow","Runny",,"Both, poo:small pee:large",
"Feed","2026-07-18 17:30",,,"Breast Milk","Bottle","145ml","Gave 150mL but left last 5mL"
"Sleep","2026-07-18 16:45","2026-07-18 17:30","00:45",,,,
"Sleep","2026-07-18 16:17","2026-07-18 16:46","00:29",,,,
"Sleep","2026-07-18 15:48","2026-07-18 16:08","00:20",,,,
"Pump","2026-07-18 15:45","2026-07-18 16:11","00:26","190ml",,,
"Diaper","2026-07-18 15:34",,,,,"Pee:small",
"Feed","2026-07-18 15:28",,,"Breast Milk","Bottle","30ml",
"Diaper","2026-07-18 15:19",,,,,"Pee:small",
"Tummy time","2026-07-18 15:12","2026-07-18 15:21","00:09",,,,
"Diaper","2026-07-18 14:55",,"yellow",,,"Both, poo:large pee:large",
"Feed","2026-07-18 14:27",,,"Breast Milk","Bottle","150ml",
"Sleep","2026-07-18 13:45","2026-07-18 14:27","00:41",,,,
"Sleep","2026-07-18 13:28","2026-07-18 13:35","00:07",,,,
"Sleep","2026-07-18 12:24","2026-07-18 13:16","00:52",,,,
"Tummy time","2026-07-18 11:59","2026-07-18 12:03","00:04",,,,
"Pump","2026-07-18 11:51","2026-07-18 12:16","00:25","139ml",,,
"Diaper","2026-07-18 11:43",,,,,"Pee:medium",
"Feed","2026-07-18 11:23",,,"Breast Milk","Bottle","145ml",
"Sleep","2026-07-18 10:34","2026-07-18 11:04","00:30",,,"Upset","\n"
"Tummy time","2026-07-18 10:08","2026-07-18 10:12","00:04",,,,
"Diaper","2026-07-18 10:02",,"yellow","Runny",,"Both, poo:large pee:large",
"Feed","2026-07-18 09:24",,,"Breast Milk","Bottle","150ml",
"Sleep","2026-07-18 08:29","2026-07-18 09:22","00:52",,,,
"Pump","2026-07-18 07:44","2026-07-18 08:24","00:40","255ml",,,"Power pump session"
"Sleep","2026-07-18 07:35","2026-07-18 08:28","00:52",,,,
"Diaper","2026-07-18 07:18",,,,,"Pee:small",
"Tummy time","2026-07-18 07:06","2026-07-18 07:11","00:05",,,,
"Diaper","2026-07-18 06:53",,"yellow",,,"Both, poo:large pee:large",
"Feed","2026-07-18 06:24",,,"Breast Milk","Bottle","145ml","Vitamin D"
"Pump","2026-07-18 02:34","2026-07-18 03:00","00:26","197ml",,,
"Pump","2026-07-17 21:39","2026-07-17 22:05","00:26","147ml",,,
"Diaper","2026-07-17 21:00",,"yellow",,,"Both, poo:large pee:large",
"Tummy time","2026-07-17 20:47","2026-07-17 20:52","00:05",,,,
"Feed","2026-07-17 20:08",,,"Breast Milk","Bottle","145ml",
"Meds","2026-07-17 20:05",,,"0.3ml","Gas drops",,
"Diaper","2026-07-17 18:52",,,,,"Pee:medium",
"Pump","2026-07-17 18:36","2026-07-17 19:00","00:24","140ml",,,
"Tummy time","2026-07-17 18:20","2026-07-17 18:25","00:05",,,,
"Diaper","2026-07-17 18:14",,,,,"Pee:large",
"Feed","2026-07-17 17:40",,,"Breast Milk","Bottle","140ml",
"Diaper","2026-07-17 16:19",,,,,"Pee:medium",
"Tummy time","2026-07-17 16:09","2026-07-17 16:12","00:03",,,,
"Tummy time","2026-07-17 16:00","2026-07-17 16:07","00:07",,,,
"Diaper","2026-07-17 15:45",,"yellow",,,"Both, poo:large pee:large",
"Pump","2026-07-17 15:27","2026-07-17 15:54","00:27","181ml",,,
"Feed","2026-07-17 15:12",,,"Breast Milk","Bottle","140ml",
"Diaper","2026-07-17 13:44",,,,,"Pee:medium",
"Tummy time","2026-07-17 13:39","2026-07-17 13:51","00:12",,,,
"Diaper","2026-07-17 13:06",,"yellow",,,"Both, pee:large",
"Feed","2026-07-17 12:36",,,"Breast Milk","Bottle","140ml",
"Pump","2026-07-17 11:27","2026-07-17 11:55","00:28","199ml",,,
"Diaper","2026-07-17 10:17",,"yellow",,,"Both, poo:small pee:large",
"Feed","2026-07-17 09:52",,,"Breast Milk","Bottle","140ml",
"Tummy time","2026-07-17 07:32","2026-07-17 07:36","00:04",,,,
"Pump","2026-07-17 07:15","2026-07-17 07:41","00:26","193ml",,,
"Diaper","2026-07-17 07:14",,"yellow",,,"Both, pee:large poo:large",
"Feed","2026-07-17 06:44",,,"Breast Milk","Bottle","140ml","Vitamin D"
"Pump","2026-07-17 02:31","2026-07-17 02:58","00:27","227ml",,,
"Pump","2026-07-16 21:37","2026-07-16 22:02","00:25","144ml",,,
"Diaper","2026-07-16 21:30",,,,,"Pee:small",
"Tummy time","2026-07-16 21:13","2026-07-16 21:15","00:02",,,,
"Diaper","2026-07-16 21:05",,,,,"Pee:large",
"Feed","2026-07-16 20:37",,,"Breast Milk","Bottle","140ml",
"Meds","2026-07-16 20:35",,,"0.3ml","Gas drops",,
"Diaper","2026-07-16 19:04",,,,,"Pee:medium",
"Pump","2026-07-16 18:36","2026-07-16 19:00","00:24","147ml",,,
"Tummy time","2026-07-16 18:28","2026-07-16 18:33","00:05",,,,"kept head up and looking forward for 4.5 minutes straight "
"Diaper","2026-07-16 18:20",,,,,"Pee:large",
"Feed","2026-07-16 17:51",,,"Breast Milk","Bottle","140ml",
"Bath","2026-07-16 17:00",,,,,,
"Tummy time","2026-07-16 15:56","2026-07-16 16:00","00:03",,,,
"Diaper","2026-07-16 15:52",,"yellow",,,"Both, pee:medium poo:large",
"Pump","2026-07-16 15:27","2026-07-16 15:55","00:28","197ml",,,
"Feed","2026-07-16 15:19",,,"Breast Milk","Bottle","140ml",
"Diaper","2026-07-16 13:42",,,,,"Pee:small",
"Tummy time","2026-07-16 13:35","2026-07-16 13:41","00:05",,,,
"Diaper","2026-07-16 13:05",,"yellow",,,"Both, pee:large poo:large",
"Feed","2026-07-16 12:38",,,"Breast Milk","Bottle","140ml",
"Pump","2026-07-16 11:24","2026-07-16 11:50","00:26","173ml",,,
"Diaper","2026-07-16 11:10",,,,,"Pee:small",
"Tummy time","2026-07-16 10:59","2026-07-16 11:03","00:04",,,,
"Diaper","2026-07-16 10:50",,"yellow",,,"Both, pee:large poo:large",
"Feed","2026-07-16 10:16",,,"Breast Milk","Bottle","140ml",
"Diaper","2026-07-16 09:23",,,,,"Pee:medium",
"Tummy time","2026-07-16 08:30","2026-07-16 08:33","00:03",,,,
"Diaper","2026-07-16 08:24",,"yellow",,,"Both, pee:large poo:large",
"Feed","2026-07-16 07:54",,,"Breast Milk","Bottle","140ml",
"Pump","2026-07-16 07:18","2026-07-16 07:44","00:26","206ml",,,
"Diaper","2026-07-16 05:22",,"yellow",,,"Both, pee:large poo:medium",
"Feed","2026-07-16 04:55",,,"Breast Milk","Bottle","140ml","D"
"Pump","2026-07-16 02:43","2026-07-16 03:10","00:27","239ml",,,
"Pump","2026-07-15 21:15","2026-07-15 21:40","00:25","147ml",,,
"Diaper","2026-07-15 21:01",,"yellow","Loose",,"Both, pee:medium poo:small",
"Tummy time","2026-07-15 20:40","2026-07-15 20:42","00:02",,,,
"Diaper","2026-07-15 20:36",,,,,"Pee:small",
"Feed","2026-07-15 20:07",,,"Breast Milk","Bottle","140ml",
"Meds","2026-07-15 20:05",,,"0.3ml","Gas drops",,
"Diaper","2026-07-15 19:14",,"yellow","Loose",,"Both, pee:large poo:small",
"Pump","2026-07-15 18:19","2026-07-15 18:44","00:25","169ml",,,
"Diaper","2026-07-15 18:09",,,,,"Pee:medium",
"Tummy time","2026-07-15 17:39","2026-07-15 17:43","00:04",,,,
"Diaper","2026-07-15 17:36",,"yellow","Loose",,"Both, pee:large poo:large",
"Feed","2026-07-15 17:05",,,"Breast Milk","Bottle","140ml",
"Pump","2026-07-15 15:09","2026-07-15 15:35","00:26","145ml",,,
"Tummy time","2026-07-15 14:37","2026-07-15 14:40","00:03",,,,
"Diaper","2026-07-15 14:30",,,,,"Pee:large",
"Feed","2026-07-15 14:01",,,"Breast Milk","Bottle","140ml",
"Tummy time","2026-07-15 11:41","2026-07-15 11:45","00:04",,,,
"Diaper","2026-07-15 11:36",,"yellow",,,"Both, pee:large poo:large",
"Pump","2026-07-15 11:20","2026-07-15 11:46","00:26","190ml",,,
"Feed","2026-07-15 11:02",,,"Breast Milk","Bottle","140ml",
"Diaper","2026-07-15 09:25",,"yellow",,,"Both, pee:large poo:large",
"Feed","2026-07-15 08:50",,,"Breast Milk","Bottle","140ml",
"Pump","2026-07-15 07:23","2026-07-15 07:48","00:25","199ml",,,
"Tummy time","2026-07-15 06:02","2026-07-15 06:07","00:05",,,,
"Diaper","2026-07-15 05:51",,"yellow","Runny",,"Both, pee:large poo:large",
"Feed","2026-07-15 05:20",,,"Breast Milk","Bottle","140ml","Vitamin D"
"Pump","2026-07-15 02:25","2026-07-15 02:50","00:25","210ml",,,
"Diaper","2026-07-14 21:50",,,,,"Pee",
"Diaper","2026-07-14 21:50",,,,,"Pee:medium",
"Pump","2026-07-14 21:43","2026-07-14 22:08","00:25","147ml",,,
"Feed","2026-07-14 20:53",,,"Breast Milk","Bottle","140ml",
"Meds","2026-07-14 20:51",,,"0.3ml","Gas drops",,
"Diaper","2026-07-14 19:11",,,,,"Pee:small",
"Tummy time","2026-07-14 18:46","2026-07-14 18:50","00:04",,,,
"Diaper","2026-07-14 18:35",,"yellow",,,"Both, pee:large poo:medium",
"Pump","2026-07-14 18:33","2026-07-14 18:57","00:24","156ml",,,
"Feed","2026-07-14 18:03",,,"Breast Milk","Bottle","140ml",
"Tummy time","2026-07-14 16:00","2026-07-14 16:06","00:06",,,,
"Diaper","2026-07-14 15:42",,"yellow",,,"Both, pee:large poo:small",
"Feed","2026-07-14 15:17",,,"Breast Milk","Bottle","140ml",
"Pump","2026-07-14 15:13","2026-07-14 15:40","00:27","234ml",,,
"Diaper","2026-07-14 13:06",,,,,"Pee:medium",
"Tummy time","2026-07-14 12:32","2026-07-14 12:41","00:09",,,,
"Diaper","2026-07-14 12:13",,"yellow",,,"Both, pee:medium poo:medium",
"Feed","2026-07-14 11:45",,,"Breast Milk","Bottle","140ml",
"Pump","2026-07-14 11:20","2026-07-14 11:46","00:26","139ml",,,
"Diaper","2026-07-14 10:25",,,,,"Pee",
"Tummy time","2026-07-14 09:36","2026-07-14 09:40","00:04",,,,
"Diaper","2026-07-14 09:20",,"yellow","Runny",,"Both, pee:medium poo:large",
"Feed","2026-07-14 08:37",,,"Breast Milk","Bottle","140ml",
"Diaper","2026-07-14 07:16",,,,,"Pee:medium",
"Pump","2026-07-14 07:14","2026-07-14 07:40","00:26","176ml",,,
"Tummy time","2026-07-14 06:04","2026-07-14 06:07","00:03",,,,
"Diaper","2026-07-14 05:51",,"yellow","Runny",,"Both, pee:large poo:large",
"Feed","2026-07-14 05:26",,,"Breast Milk","Bottle","140ml","Vitamin D"
"Pump","2026-07-14 02:59","2026-07-14 03:26","00:27","208ml",,,
"Pump","2026-07-13 21:48","2026-07-13 22:13","00:25","141ml",,,
"Diaper","2026-07-13 21:40",,,,,"Pee:small",
"Diaper","2026-07-13 21:15",,"yellow","Loose",,"Both, pee:medium poo:small",
"Feed","2026-07-13 20:47",,,"Breast Milk","Bottle","140ml",
"Meds","2026-07-13 20:46",,,"0.3ml","Gas drops",,
"Diaper","2026-07-13 19:00",,,,,"Pee:small",
"Pump","2026-07-13 18:46","2026-07-13 19:12","00:26","174ml",,,
"Diaper","2026-07-13 18:35",,,,,"Pee:medium",
"Tummy time","2026-07-13 18:11","2026-07-13 18:15","00:04",,,,
"Diaper","2026-07-13 18:07",,"yellow","Loose",,"Both, pee:large poo:small",
"Feed","2026-07-13 17:36",,,"Breast Milk","Bottle","140ml",
"Diaper","2026-07-13 15:26",,,,,"Pee:small",
"Pump","2026-07-13 15:15","2026-07-13 15:41","00:26","198ml",,,
"Tummy time","2026-07-13 15:06","2026-07-13 15:09","00:03",,,,
"Feed","2026-07-13 14:32",,,"Breast Milk","Bottle","140ml",
"Tummy time","2026-07-13 12:20","2026-07-13 12:26","00:06",,,,
"Diaper","2026-07-13 12:10",,"yellow","Runny",,"Both, pee:large poo:large",
"Feed","2026-07-13 11:29",,,"Breast Milk","Bottle","140ml",
"Pump","2026-07-13 11:12","2026-07-13 11:38","00:26","201ml",,,
"Diaper","2026-07-13 09:11",,,,,"Pee:medium",
"Tummy time","2026-07-13 08:58","2026-07-13 09:02","00:04",,,,
"Feed","2026-07-13 08:23",,,"Breast Milk","Bottle","140ml",
"Diaper","2026-07-13 07:51",,,,,"Pee:large",
"Pump","2026-07-13 07:19","2026-07-13 07:44","00:25","160ml",,,
"Tummy time","2026-07-13 06:15","2026-07-13 06:17","00:02",,,,
"Diaper","2026-07-13 06:09",,"yellow","Runny",,"Both, pee:medium poo:large",
"Feed","2026-07-13 05:47",,,"Breast Milk","Bottle","140ml","D"
"Feed","2026-07-13 04:32","2026-07-13 04:44","00:12",,"Breast","00:12L",
"Diaper","2026-07-13 04:25",,,,,"Pee:medium",
"Pump","2026-07-13 02:25","2026-07-13 02:50","00:25","220ml",,,
"Pump","2026-07-12 21:23","2026-07-12 21:47","00:24","136ml",,,
"Diaper","2026-07-12 21:17",,,,,"Pee:small",
"Feed","2026-07-12 20:37",,,"Breast Milk","Bottle","140ml",
"Meds","2026-07-12 20:36",,,"0.3ml","Gas drops",,
"Diaper","2026-07-12 19:12",,"yellow",,,"Both, pee:large poo:large",
"Pump","2026-07-12 18:36","2026-07-12 19:02","00:26","142ml",,,
"Tummy time","2026-07-12 18:34","2026-07-12 18:39","00:05",,,,
"Diaper","2026-07-12 18:11",,"yellow",,,"Both, pee:large poo:small",
"Feed","2026-07-12 17:38",,,"Breast Milk","Bottle","140ml",
"Diaper","2026-07-12 16:15",,,,,"Pee:medium",
"Tummy time","2026-07-12 15:45","2026-07-12 15:50","00:05",,,,
"Diaper","2026-07-12 15:34",,"yellow",,,"Both, pee:large poo:medium",
"Pump","2026-07-12 15:23","2026-07-12 15:48","00:25","179ml",,,
"Feed","2026-07-12 15:03",,,"Breast Milk","Bottle","140ml",
"Tummy time","2026-07-12 14:04","2026-07-12 14:07","00:03",,,,
"Tummy time","2026-07-12 13:25","2026-07-12 13:29","00:04",,,,
"Diaper","2026-07-12 12:45",,"yellow","Loose",,"Both, pee:large poo:large",
"Feed","2026-07-12 12:29",,,"Breast Milk","Bottle","140ml",
"Pump","2026-07-12 11:28","2026-07-12 11:54","00:26","180ml",,,
"Diaper","2026-07-12 10:45",,,,,"Pee:small",
"Tummy time","2026-07-12 10:37","2026-07-12 10:38","00:01",,,,"better but mad whole time"
"Tummy time","2026-07-12 10:23","2026-07-12 10:25","00:02",,,,"struggle"
"Diaper","2026-07-12 10:13",,,,,"Pee:large",
"Feed","2026-07-12 09:50",,,"Breast Milk","Bottle","140ml",
"Tummy time","2026-07-12 07:36","2026-07-12 07:38","00:02",,,,
"Diaper","2026-07-12 07:29",,"yellow","Runny",,"Both, pee:large poo:large",
"Pump","2026-07-12 07:27","2026-07-12 07:52","00:25","206ml",,,
"Feed","2026-07-12 07:04",,,"Breast Milk","Bottle","140ml","Vitamin D"
"Pump","2026-07-12 02:28","2026-07-12 02:54","00:26","254ml",,,
"Diaper","2026-07-11 21:50",,,,,"Pee:small",
"Pump","2026-07-11 21:38","2026-07-11 22:03","00:25","104ml",,,
"Tummy time","2026-07-11 21:28","2026-07-11 21:31","00:03",,,,
"Diaper","2026-07-11 21:22",,"yellow","Runny",,"Both, pee:medium poo:large",
"Feed","2026-07-11 20:54",,,"Breast Milk","Bottle","140ml",
"Meds","2026-07-11 20:53",,,"0.3ml","Gas drops",,
"Bath","2026-07-11 19:20",,,,,,
"Diaper","2026-07-11 19:05",,,,,"Pee:large",
"Tummy time","2026-07-11 18:46","2026-07-11 18:50","00:04",,,,
"Pump","2026-07-11 18:38","2026-07-11 19:02","00:24","137ml",,,
"Feed","2026-07-11 18:10",,,"Breast Milk","Bottle","140ml","Did not finish the last 15mL or so"
"Diaper","2026-07-11 16:46",,,,,"Pee:large",
"Tummy time","2026-07-11 16:15","2026-07-11 16:19","00:04",,,,
"Diaper","2026-07-11 16:05",,"yellow","Runny",,"Both, pee:large poo:medium",
"Feed","2026-07-11 15:34",,,"Breast Milk","Bottle","140ml",
"Pump","2026-07-11 15:33","2026-07-11 15:58","00:25","176ml",,,
"Tummy time","2026-07-11 13:23","2026-07-11 13:27","00:03",,,,
"Diaper","2026-07-11 13:19",,"yellow","Runny",,"Both, pee:large poo:large",
"Feed","2026-07-11 12:53",,,"Breast Milk","Bottle","140ml",
"Pump","2026-07-11 11:34","2026-07-11 12:00","00:26","204ml",,,
"Diaper","2026-07-11 11:05",,,,,"Pee:medium",
"Tummy time","2026-07-11 10:47","2026-07-11 10:50","00:03",,,,
"Diaper","2026-07-11 10:19",,"yellow","Runny",,"Both, pee:large poo:medium",
"Feed","2026-07-11 10:04",,,"Breast Milk","Bottle","140ml",
"Tummy time","2026-07-11 07:38","2026-07-11 07:40","00:02",,,,
"Diaper","2026-07-11 07:33",,"yellow","Runny",,"Both, pee:medium poo:medium",
"Pump","2026-07-11 07:26","2026-07-11 07:52","00:26","174ml",,,
"Diaper","2026-07-11 07:08",,"yellow",,,"Both, pee:large poo:medium",
"Feed","2026-07-11 07:07",,,"Breast Milk","Bottle","140ml","Vitamin d"
"Pump","2026-07-11 02:42","2026-07-11 03:07","00:25","210ml",,,
"Pump","2026-07-10 21:42","2026-07-10 22:07","00:25","145ml",,,
"Diaper","2026-07-10 21:30",,,,,"Pee:large",
"Meds","2026-07-10 20:38",,,"0.3ml","Gas drops",,
"Feed","2026-07-10 20:38",,,"Breast Milk","Bottle","140ml",
"Diaper","2026-07-10 19:22",,,,,"Pee:medium",
"Diaper","2026-07-10 18:41",,,,,"Pee:large",
"Tummy time","2026-07-10 18:38","2026-07-10 18:43","00:05",,,,
"Pump","2026-07-10 18:36","2026-07-10 19:00","00:24","145ml",,,
"Feed","2026-07-10 18:02",,,"Breast Milk","Bottle","140ml",
"Tummy time","2026-07-10 16:38","2026-07-10 16:40","00:02",,,,
"Tummy time","2026-07-10 16:29","2026-07-10 16:31","00:02",,,,
"Diaper","2026-07-10 16:08",,"green",,,"Both, pee:large poo:large",
"Pump","2026-07-10 15:32","2026-07-10 15:58","00:26","197ml",,,
"Feed","2026-07-10 15:28",,,"Breast Milk","Bottle","140ml",
"Diaper","2026-07-10 13:40",,,,,"Pee:small",
"Tummy time","2026-07-10 13:16","2026-07-10 13:20","00:04",,,,
"Diaper","2026-07-10 13:08",,"yellow","Runny",,"Both, pee:large poo:small",
"Feed","2026-07-10 12:42",,,"Breast Milk","Bottle","140ml",
"Pump","2026-07-10 11:25","2026-07-10 11:50","00:25","173ml",,,
"Diaper","2026-07-10 10:10",,"yellow","Runny",,"Both, pee:small poo:medium",
"Tummy time","2026-07-10 09:56","2026-07-10 10:01","00:05",,,,
"Diaper","2026-07-10 09:47",,,,,"Pee:large",
"Feed","2026-07-10 09:27",,,"Breast Milk","Bottle","140ml",
"Pump","2026-07-10 07:28","2026-07-10 07:53","00:25","235ml",,,"🍋🍋 yummy tit juice"
"Tummy time","2026-07-10 06:52","2026-07-10 06:54","00:02",,,,
"Diaper","2026-07-10 06:45",,"yellow","Runny",,"Both, pee:large poo:large",
"Feed","2026-07-10 06:15",,,"Breast Milk","Bottle","140ml","Vitamin D"
"Pump","2026-07-10 02:32","2026-07-10 02:57","00:25","203ml",,,
"Meds","2026-07-09 21:42",,,"0.3ml","Gas drops",,
"Pump","2026-07-09 21:39","2026-07-09 22:04","00:25","137ml",,,
"Diaper","2026-07-09 21:33",,,,,"Pee:small",
"Tummy time","2026-07-09 21:13","2026-07-09 21:17","00:03",,,,
"Diaper","2026-07-09 21:06",,"yellow","Runny",,"Both, pee:medium poo:medium",
"Feed","2026-07-09 20:42",,,"Breast Milk","Bottle","140ml",
"Diaper","2026-07-09 19:05",,"yellow","Runny",,"Both, pee:large poo:small",
"Pump","2026-07-09 18:51","2026-07-09 19:16","00:25","163ml",,,
"Tummy time","2026-07-09 18:05","2026-07-09 18:09","00:04",,,,
"Diaper","2026-07-09 17:56",,,,,"Pee:large",
"Feed","2026-07-09 17:30",,,"Breast Milk","Bottle","140ml",
"Pump","2026-07-09 15:50","2026-07-09 16:15","00:25","216ml",,,
"Tummy time","2026-07-09 15:45","2026-07-09 15:50","00:05",,,,
"Diaper","2026-07-09 15:41",,"green","Runny",,"Both, pee:large poo:large",
"Feed","2026-07-09 15:09",,,"Breast Milk","Bottle","140ml",
"Diaper","2026-07-09 13:08",,,,,"Pee:small",
"Tummy time","2026-07-09 12:47","2026-07-09 12:51","00:04",,,,
"Diaper","2026-07-09 12:38",,"green",,,"Both, pee:large poo:medium",
"Feed","2026-07-09 12:05",,,"Breast Milk","Bottle","140ml",
"Pump","2026-07-09 11:01","2026-07-09 11:26","00:25","178ml",,,
"Tummy time","2026-07-09 10:07","2026-07-09 10:10","00:03",,,,
"Diaper","2026-07-09 10:02",,"green","Runny",,"Both, pee:medium poo:medium",
"Feed","2026-07-09 09:32",,,"Breast Milk","Bottle","140ml",
"Diaper","2026-07-09 07:04",,"yellow","Runny",,"Both, pee:large poo:large",
"Pump","2026-07-09 06:53","2026-07-09 07:18","00:25","189ml",,,
"Feed","2026-07-09 06:39",,,"Breast Milk","Bottle","140ml","Vitamin D"
"Pump","2026-07-09 02:17","2026-07-09 02:42","00:25","196ml",,,
"Diaper","2026-07-08 22:22",,,,,"Pee:small",
"Tummy time","2026-07-08 22:12","2026-07-08 22:17","00:05",,,,
"Meds","2026-07-08 22:00",,,"0.3ml","Gas drops",,
"Diaper","2026-07-08 21:58",,"yellow","Runny",,"Both, pee:large poo:large",
"Pump","2026-07-08 21:34","2026-07-08 21:58","00:24","120ml",,,
"Feed","2026-07-08 21:25",,,"Breast Milk","Bottle","140ml",
"Bath","2026-07-08 20:22",,,,,,
"Diaper","2026-07-08 20:01",,,,,"Pee:large",
"Tummy time","2026-07-08 19:25","2026-07-08 19:32","00:07",,,,"🐌"
"Pump","2026-07-08 19:17","2026-07-08 19:41","00:24","155ml",,,
"Feed","2026-07-08 18:53",,,"Breast Milk","Bottle","140ml",
"Tummy time","2026-07-08 16:28","2026-07-08 16:33","00:05",,,,
"Diaper","2026-07-08 16:09",,,,,"Both, pee:large poo:medium",
"Pump","2026-07-08 15:58","2026-07-08 16:24","00:26","208ml",,,
"Feed","2026-07-08 15:51",,,"Breast Milk","Bottle","140ml",
"Tummy time","2026-07-08 13:05","2026-07-08 13:07","00:02",,,,
"Diaper","2026-07-08 13:03",,"yellow",,,"Both, pee:medium poo:large",
"Feed","2026-07-08 12:35",,,"Breast Milk","Bottle","140ml",
"Pump","2026-07-08 11:25","2026-07-08 11:50","00:25","188ml",,,
"Diaper","2026-07-08 10:42",,"yellow","Runny",,"Both, pee:small poo:medium",
"Tummy time","2026-07-08 10:16","2026-07-08 10:20","00:04",,,,
"Diaper","2026-07-08 10:16",,,,,"Pee:large",
"Feed","2026-07-08 09:46",,,"Breast Milk","Bottle","140ml",
"Tummy time","2026-07-08 07:22","2026-07-08 07:27","00:05",,,,
"Pump","2026-07-08 07:18","2026-07-08 07:43","00:25","197ml",,,
"Diaper","2026-07-08 07:16",,"yellow","Runny",,"Both, pee:small poo:large",
"Diaper","2026-07-08 06:52",,"yellow","Runny",,"Both, pee:large poo:small",
"Feed","2026-07-08 06:52",,,"Breast Milk","Bottle","140ml","Vitamin D"
"Pump","2026-07-08 02:30","2026-07-08 02:55","00:25","220ml",,,
"Pump","2026-07-07 21:25","2026-07-07 21:50","00:25","138ml",,,
"Diaper","2026-07-07 21:01",,,,,"Pee:small",
"Tummy time","2026-07-07 20:55","2026-07-07 20:57","00:02",,,,
"Feed","2026-07-07 20:29",,,"Breast Milk","Bottle","140ml",
"Meds","2026-07-07 20:25",,,"0.3ml","Gas drops",,
"Diaper","2026-07-07 19:12",,,,,"Pee:medium",
"Pump","2026-07-07 18:31","2026-07-07 18:56","00:25","148ml",,,
"Diaper","2026-07-07 18:16",,"yellow","Mucousy",,"Both, pee:large poo:large",
"Feed","2026-07-07 17:51",,,"Breast Milk","Bottle","140ml",
"Tummy time","2026-07-07 15:37","2026-07-07 15:42","00:05",,,,
"Diaper","2026-07-07 15:33",,,,,"Pee:medium",
"Pump","2026-07-07 15:29","2026-07-07 15:54","00:25","195ml",,,
"Feed","2026-07-07 14:54",,,"Breast Milk","Bottle","140ml",
"Diaper","2026-07-07 13:32",,,,,"Pee:large",
"Tummy time","2026-07-07 12:51","2026-07-07 12:56","00:05",,,,
"Diaper","2026-07-07 12:48",,"yellow","Runny",,"Both, pee:small poo:large",
"Feed","2026-07-07 12:16",,,"Breast Milk","Bottle","140ml",
"Pump","2026-07-07 11:31","2026-07-07 11:56","00:25","199ml",,,
"Diaper","2026-07-07 10:13",,,,,"Pee:small",
"Tummy time","2026-07-07 09:48","2026-07-07 09:52","00:04",,,,
"Diaper","2026-07-07 09:45",,,,,"Pee:large",
"Feed","2026-07-07 09:17",,,"Breast Milk","Bottle","140ml",
"Pump","2026-07-07 07:26","2026-07-07 07:50","00:24","206ml",,,
"Diaper","2026-07-07 07:15",,"yellow","Runny",,"Both, pee:small poo:medium",
"Tummy time","2026-07-07 06:44","2026-07-07 06:49","00:05",,,,
"Diaper","2026-07-07 06:43",,"yellow",,,"Both, pee:small poo:large",
"Diaper","2026-07-07 06:14",,"yellow",,,"Both, pee:large poo:small",
"Feed","2026-07-07 06:14",,,"Breast Milk","Bottle","140ml","Vitamin D"
"Pump","2026-07-07 02:21","2026-07-07 02:45","00:24","204ml",,,
"Pump","2026-07-06 21:34","2026-07-06 21:57","00:23","173ml",,,
"Meds","2026-07-06 21:32",,,"0.3ml","Gas drops",,
"Tummy time","2026-07-06 21:12","2026-07-06 21:14","00:02",,,,
"Diaper","2026-07-06 21:06",,,,,"Pee:large",
"Feed","2026-07-06 20:36",,,"Breast Milk","Bottle","140ml",
"Tummy time","2026-07-06 18:39","2026-07-06 18:43","00:04",,,,
"Pump","2026-07-06 18:36","2026-07-06 18:59","00:23","164ml",,,
"Diaper","2026-07-06 18:32",,"green","Mucousy",,"Both, pee:medium poo:small",
"Feed","2026-07-06 18:00",,,"Breast Milk","Bottle","140ml",
"Tummy time","2026-07-06 15:48","2026-07-06 15:53","00:05",,,,
"Diaper","2026-07-06 15:31",,,,,"Pee:medium",
"Feed","2026-07-06 14:57",,,"Breast Milk","Bottle","140ml",
"Pump","2026-07-06 14:39","2026-07-06 15:02","00:23","128ml",,,
"Diaper","2026-07-06 13:17",,,,,"Pee:medium",
"Pump","2026-07-06 12:43","2026-07-06 12:49","00:06","58ml",,,
"Tummy time","2026-07-06 12:41","2026-07-06 12:46","00:05",,,,
"Diaper","2026-07-06 12:30",,"green","Runny",,"Both, pee:large",
"Feed","2026-07-06 12:03",,,"Breast Milk","Bottle","140ml",
"Pump","2026-07-06 10:41","2026-07-06 11:04","00:23","151ml",,,
"Diaper","2026-07-06 10:21",,,,,"Pee:small",
"Tummy time","2026-07-06 09:52","2026-07-06 09:56","00:04",,,,
"Diaper","2026-07-06 09:42",,"yellow","Runny",,"Both, pee:large poo:large",
"Feed","2026-07-06 09:12",,,"Breast Milk","Bottle","140ml",
"Tummy time","2026-07-06 07:15","2026-07-06 07:19","00:04",,,,
"Diaper","2026-07-06 07:07",,"yellow","Runny",,"Both, pee:large poo:large",
"Pump","2026-07-06 07:03","2026-07-06 07:26","00:23","205ml",,,
"Feed","2026-07-06 06:34",,,"Breast Milk","Bottle","140ml","Vitamin D"
"Pump","2026-07-06 02:40","2026-07-06 03:03","00:23","186ml",,,
"Diaper","2026-07-05 22:22",,"yellow","Runny",,"Both, pee:medium poo:medium",
"Tummy time","2026-07-05 22:15","2026-07-05 22:19","00:04",,,,
"Pump","2026-07-05 21:50","2026-07-05 22:13","00:23","159ml",,,
"Meds","2026-07-05 21:39",,,"0.3ml","Gas drops",,
"Feed","2026-07-05 21:39",,,"Breast Milk","Bottle","140ml",
"Tummy time","2026-07-05 19:36","2026-07-05 19:40","00:04",,,,
"Diaper","2026-07-05 19:32",,"green","Runny",,"Both, pee:medium poo:medium",
"Feed","2026-07-05 19:00",,,"Breast Milk","Bottle","140ml",
"Pump","2026-07-05 18:59","2026-07-05 19:21","00:22","148ml",,,
"Tummy time","2026-07-05 16:55","2026-07-05 17:01","00:06",,,,
"Diaper","2026-07-05 16:34",,"green","Runny",,"Both, pee:large poo:medium",
"Pump","2026-07-05 16:08","2026-07-05 16:30","00:22","167ml",,,
"Feed","2026-07-05 16:08",,,"Breast Milk","Bottle","140ml",
"Tummy time","2026-07-05 13:34","2026-07-05 13:39","00:05",,,,
"Pump","2026-07-05 13:27","2026-07-05 13:37","00:10","83ml",,,
"Diaper","2026-07-05 13:27",,"green","Runny",,"Both, pee:large poo:large",
"Feed","2026-07-05 13:03",,,"Breast Milk","Bottle","140ml",
"Diaper","2026-07-05 11:02",,"yellow","Runny",,"Both, pee:small poo:medium",
"Pump","2026-07-05 10:44","2026-07-05 11:06","00:22","133ml",,,
"Tummy time","2026-07-05 10:35","2026-07-05 10:40","00:05",,,,"Great job for first 4 minutes, struggled last minute "
"Diaper","2026-07-05 10:25",,"yellow","Loose",,"Both, pee:medium poo:small",
"Feed","2026-07-05 10:02",,,"Breast Milk","Bottle","140ml",
"Diaper","2026-07-05 08:13",,,,,"Pee:small",
"Tummy time","2026-07-05 07:45","2026-07-05 07:49","00:04",,,,
"Diaper","2026-07-05 07:37",,"green","Runny",,"Both, pee:large poo:large",
"Feed","2026-07-05 07:12",,,"Breast Milk","Bottle","140ml","Vitamin D"
"Pump","2026-07-05 07:11","2026-07-05 07:33","00:22","194ml",,,
"Pump","2026-07-05 02:39","2026-07-05 03:01","00:22","202ml",,,
"Diaper","2026-07-04 22:10",,,,,"Pee:medium",
"Pump","2026-07-04 21:54","2026-07-04 22:16","00:22","132ml",,,
"Meds","2026-07-04 21:27",,,"0.3ml","Gas drops",,
"Feed","2026-07-04 21:27",,,"Breast Milk","Bottle","140ml",
"Diaper","2026-07-04 19:31",,"green","Runny",,"Both, pee:medium poo:medium",
"Tummy time","2026-07-04 18:56","2026-07-04 19:02","00:05",,,,
"Pump","2026-07-04 18:56","2026-07-04 19:17","00:21","132ml",,,
"Feed","2026-07-04 18:17",,,"Breast Milk","Bottle","140ml",
"Diaper","2026-07-04 16:18",,"green","Runny",,"Both, pee:medium poo:large",
"Pump","2026-07-04 16:03","2026-07-04 16:24","00:21","163ml",,,
"Tummy time","2026-07-04 15:56","2026-07-04 16:00","00:04",,,,
"Feed","2026-07-04 15:50",,,"Breast Milk","Bottle","140ml",
"Diaper","2026-07-04 13:58",,,,,"Pee:small",
"Tummy time","2026-07-04 13:23","2026-07-04 13:28","00:05",,,,
"Diaper","2026-07-04 13:19",,"green","Runny",,"Both, pee:large poo:large",
"Pump","2026-07-04 13:02","2026-07-04 13:17","00:15","123ml",,,
"Feed","2026-07-04 12:46",,,"Breast Milk","Bottle","140ml",
"Tummy time","2026-07-04 10:39","2026-07-04 10:43","00:04",,,,
"Diaper","2026-07-04 10:30",,,,,"Pee:large",
"Pump","2026-07-04 10:08","2026-07-04 10:29","00:21","119ml",,,
"Feed","2026-07-04 10:05",,,"Breast Milk","Bottle","140ml","Vitamin D"
"Diaper","2026-07-04 07:29",,"green","Runny",,"Both, pee:large poo:large",
"Pump","2026-07-04 07:01","2026-07-04 07:22","00:21","186ml",,,
"Feed","2026-07-04 07:01",,,"Breast Milk","Bottle","140ml",
"Pump","2026-07-04 02:38","2026-07-04 02:59","00:21","204ml",,,
"Pump","2026-07-03 22:06","2026-07-03 22:26","00:20","134ml",,,
"Tummy time","2026-07-03 21:38","2026-07-03 21:42","00:04",,,,
"Diaper","2026-07-03 21:29",,"green","Runny",,"Both, pee:medium poo:medium",
"Feed","2026-07-03 20:57",,,"Breast Milk","Bottle","140ml",
"Pump","2026-07-03 19:40","2026-07-03 20:00","00:20","103ml",,,
"Diaper","2026-07-03 19:21",,,,,"Pee:medium",
"Tummy time","2026-07-03 18:57","2026-07-03 19:03","00:06",,,,
"Diaper","2026-07-03 18:54",,,,,"Pee:large",
"Feed","2026-07-03 18:13",,,"Breast Milk","Bottle","140ml",
"Pump","2026-07-03 17:25","2026-07-03 17:50","00:25","209ml",,,"Well fuck me dude. "
"Bath","2026-07-03 16:16",,,,,,
"Diaper","2026-07-03 16:15",,,,,"Pee:small",
"Tummy time","2026-07-03 16:08","2026-07-03 16:13","00:05",,,,
"Diaper","2026-07-03 15:48",,"green","Runny",,"Both, pee:large poo:medium",
"Feed","2026-07-03 15:22",,,"Breast Milk","Bottle","140ml",
"Pump","2026-07-03 13:36","2026-07-03 13:57","00:21","118ml",,,
"Tummy time","2026-07-03 12:58","2026-07-03 13:03","00:05",,,,
"Diaper","2026-07-03 12:42",,"green",,,"Both, pee:large poo:large",
"Feed","2026-07-03 12:17",,,"Breast Milk","Bottle","140ml",
"Diaper","2026-07-03 10:44",,,,,"Pee:small",
"Tummy time","2026-07-03 10:28","2026-07-03 10:31","00:03",,,,
"Diaper","2026-07-03 10:15",,"green","Runny",,"Both, pee:medium poo:medium",
"Pump","2026-07-03 10:04","2026-07-03 10:25","00:21","135ml",,,
"Feed","2026-07-03 09:41",,,"Breast Milk","Bottle","140ml",
"Diaper","2026-07-03 08:11",,,,,"Pee",
"Tummy time","2026-07-03 07:18","2026-07-03 07:22","00:04",,,,
"Diaper","2026-07-03 07:09",,"green","Runny",,"Both, pee:large poo:large",
"Pump","2026-07-03 06:50","2026-07-03 07:12","00:22","205ml",,,
"Feed","2026-07-03 06:33",,,"Breast Milk","Bottle","140ml","Vitamin D"
"Pump","2026-07-03 02:22","2026-07-03 02:42","00:20","193ml",,,
"Diaper","2026-07-02 21:59",,,,,"Pee:small",
"Meds","2026-07-02 21:47",,,"0.3ml","Gas drops",,
"Pump","2026-07-02 21:37","2026-07-02 21:58","00:21","123ml",,,
"Tummy time","2026-07-02 21:20","2026-07-02 21:25","00:05",,,,
"Feed","2026-07-02 20:38",,,"Breast Milk","Bottle","140ml",
"Diaper","2026-07-02 18:58",,"yellow","Runny",,"Both, pee:medium poo:small",
"Pump","2026-07-02 18:49","2026-07-02 19:09","00:20","153ml",,,
"Tummy time","2026-07-02 18:03","2026-07-02 18:08","00:05",,,,"Eh...."
"Diaper","2026-07-02 17:56",,"yellow","Runny",,"Both, pee:medium poo:medium",
"Feed","2026-07-02 17:28",,,"Breast Milk","Bottle","140ml",
"Diaper","2026-07-02 15:52",,"green","Loose",,"Both, pee:small poo:small",
"Pump","2026-07-02 15:25","2026-07-02 15:45","00:20","156ml",,,
"Tummy time","2026-07-02 15:22","2026-07-02 15:24","00:02",,,,"spent the 2nd minute laying there eating his hand"
"Diaper","2026-07-02 15:18",,"green","Loose",,"Both, pee:medium poo:medium",
"Feed","2026-07-02 14:43",,,"Breast Milk","Bottle","140ml",
"Diaper","2026-07-02 12:28",,"green","Loose",,"Both, pee:medium poo:small",
"Pump","2026-07-02 12:02","2026-07-02 12:22","00:20","136ml",,,
"Tummy time","2026-07-02 11:57","2026-07-02 12:00","00:03",,,,"Only kept head up for very short intervals"
"Diaper","2026-07-02 11:50",,"green","Mucousy",,"Both, pee:large poo:large",
"Feed","2026-07-02 11:11",,,"Breast Milk","Bottle","140ml",
"Diaper","2026-07-02 09:37",,,,,"Pee:medium",
"Pump","2026-07-02 09:12","2026-07-02 09:33","00:21","189ml",,,
"Tummy time","2026-07-02 09:06","2026-07-02 09:09","00:03",,,,
"Feed","2026-07-02 08:29",,,"Breast Milk","Bottle","140ml","Took 30 min to eat"
"Diaper","2026-07-02 08:15",,,,,"Pee:large",
"Tummy time","2026-07-02 06:22","2026-07-02 06:24","00:02",,,,"Below average"
"Diaper","2026-07-02 06:10",,"yellow","Runny",,"Both, pee:large poo:large",
"Feed","2026-07-02 05:48",,,"Breast Milk","Bottle","140ml","Vitamin D"
"Pump","2026-07-02 05:36","2026-07-02 05:57","00:21","147ml",,,
"Pump","2026-07-02 01:25","2026-07-02 01:45","00:20","156ml",,,
"Pump","2026-07-01 21:26","2026-07-01 21:47","00:21","134ml",,,
"Diaper","2026-07-01 20:57",,"yellow","Runny",,"Both, pee:small poo:small",
"Tummy time","2026-07-01 20:50","2026-07-01 20:55","00:05",,,,
"Feed","2026-07-01 20:13",,,"Breast Milk","Bottle","140ml",
"Meds","2026-07-01 20:12",,,"0.3ml","Gas drops",,
"Pump","2026-07-01 18:32","2026-07-01 18:55","00:23","149ml",,,
"Tummy time","2026-07-01 18:13","2026-07-01 18:18","00:05",,,,
"Diaper","2026-07-01 18:13",,"yellow","Runny",,"Both, pee:large poo:large",
"Feed","2026-07-01 17:30",,,"Breast Milk","Bottle","135ml",
"Pump","2026-07-01 15:25","2026-07-01 15:45","00:20","180ml",,,
"Tummy time","2026-07-01 15:21","2026-07-01 15:23","00:02",,,,
"Diaper","2026-07-01 15:07",,"yellow","Runny",,"Both, pee:small poo:large","Very runny🏃🏻"
"Feed","2026-07-01 14:35",,,"Breast Milk","Bottle","135ml",
"Diaper","2026-07-01 14:32",,,,,"Pee:medium","Skid msrk"
"Tummy time","2026-07-01 12:27","2026-07-01 12:31","00:04",,,,
"Diaper","2026-07-01 12:20",,,,,"Pee:large","Skid mark"
"Feed","2026-07-01 11:46",,,"Breast Milk","Bottle","135ml",
"Pump","2026-07-01 11:20","2026-07-01 11:40","00:20","133ml",,,
"Tummy time","2026-07-01 09:42","2026-07-01 09:45","00:03",,,,"struggle again"
"Diaper","2026-07-01 09:34",,,,,"Pee:large",
"Feed","2026-07-01 09:07",,,"Breast Milk","Bottle","135ml",
"Pump","2026-07-01 08:26","2026-07-01 08:46","00:20","152ml",,,
"Tummy time","2026-07-01 06:38","2026-07-01 06:39","00:01",,,,"struggle 2.0"
"Tummy time","2026-07-01 06:28","2026-07-01 06:30","00:02",,,,"struggled whole time to keep head up"
"Diaper","2026-07-01 06:20",,"yellow","Runny",,"Both, pee:large poo:large",
"Feed","2026-07-01 05:57",,,"Breast Milk","Bottle","135ml","Vitamin D"
"Pump","2026-07-01 05:25","2026-07-01 05:45","00:20","156ml",,,
"Pump","2026-07-01 01:33","2026-07-01 01:53","00:20","203ml",,,
"Meds","2026-06-30 21:35",,,"0.3ml","Gas drops",,
"Diaper","2026-06-30 21:35",,,,,"Pee:small",
"Tummy time","2026-06-30 21:30","2026-06-30 21:33","00:03",,,,
"Pump","2026-06-30 21:08","2026-06-30 21:28","00:20","118ml",,,
"Diaper","2026-06-30 20:38",,"yellow","Runny",,"Both, poo:medium",
"Feed","2026-06-30 20:07",,,"Breast Milk","Bottle","135ml",
"Diaper","2026-06-30 18:45",,,,,"Pee:large",
"Pump","2026-06-30 18:39","2026-06-30 19:00","00:21","167ml",,,
"Diaper","2026-06-30 17:35",,"yellow","Runny",,"Both, pee:medium poo:medium",
"Tummy time","2026-06-30 17:34","2026-06-30 17:37","00:03",,,,
"Feed","2026-06-30 17:01",,,"Breast Milk","Bottle","135ml",
"Pump","2026-06-30 15:20","2026-06-30 15:40","00:20","126ml",,,
"Tummy time","2026-06-30 15:14","2026-06-30 15:17","00:03",,,,
"Diaper","2026-06-30 15:03",,"green","Runny",,"Both, pee:large poo:medium",
"Feed","2026-06-30 14:36",,,"Breast Milk","Bottle","135ml",
"Pump","2026-06-30 11:53","2026-06-30 12:13","00:20","162ml",,,
"Tummy time","2026-06-30 11:48","2026-06-30 11:50","00:02",,,,
"Diaper","2026-06-30 11:40",,"green","Mucousy",,"Poo:medium",
"Feed","2026-06-30 11:14",,,"Breast Milk","Bottle","135ml",
"Diaper","2026-06-30 10:53",,,,,"Pee:large",
"Tummy time","2026-06-30 09:23","2026-06-30 09:26","00:03",,,,"solid first 2 minutes, struggled for the last minute "
"Diaper","2026-06-30 09:19",,,,,"Pee:large",
"Feed","2026-06-30 08:48",,,"Breast Milk","Bottle","135ml",
"Pump","2026-06-30 08:22","2026-06-30 08:42","00:20","151ml",,,
"Meds","2026-06-30 06:39",,,"4drops","Saline drops",,
"Tummy time","2026-06-30 06:22","2026-06-30 06:24","00:02",,,,"Lazy and mad"
"Diaper","2026-06-30 06:08",,"green","Runny",,"Both, pee:large poo:large",
"Feed","2026-06-30 05:35",,,"Breast Milk","Bottle","135ml","Vitamin D"
"Pump","2026-06-30 05:27","2026-06-30 05:47","00:20","126ml",,,
"Pump","2026-06-30 01:41","2026-06-30 02:01","00:20","186ml",,,
"Pump","2026-06-29 21:13","2026-06-29 21:33","00:20","105ml",,,
"Tummy time","2026-06-29 21:11","2026-06-29 21:13","00:02",,,,
"Meds","2026-06-29 21:11",,,"0.3ml","Gas drops",,
"Diaper","2026-06-29 21:11",,,,,"Pee:medium",
"Feed","2026-06-29 20:33",,,"Breast Milk","Bottle","135ml",
"Pump","2026-06-29 18:59","2026-06-29 19:19","00:20","128ml",,,
"Bath","2026-06-29 18:17",,,,,,
"Diaper","2026-06-29 18:09",,"yellow","Runny",,"Both, pee:small poo:medium",
"Tummy time","2026-06-29 18:07","2026-06-29 18:12","00:05",,,,
"Diaper","2026-06-29 17:24",,"yellow","Runny",,"Both, pee:medium poo:small",
"Feed","2026-06-29 17:24",,,"Breast Milk","Bottle","135ml",
"Pump","2026-06-29 16:23","2026-06-29 16:43","00:20","131ml",,,
"Diaper","2026-06-29 16:20",,,,,"Pee:medium",
"Tummy time","2026-06-29 15:32","2026-06-29 15:36","00:04",,,,
"Feed","2026-06-29 15:11",,,"Breast Milk","Bottle","60ml",
"Diaper","2026-06-29 15:02",,"yellow","Loose",,"Both, pee:large poo:medium",
"Feed","2026-06-29 14:51","2026-06-29 14:55","00:03","00:03R","Breast",,
"Feed","2026-06-29 14:30","2026-06-29 14:44","00:14",,"Breast","00:14L",
"Pump","2026-06-29 12:40","2026-06-29 13:00","00:20","132ml",,,
"Tummy time","2026-06-29 12:33","2026-06-29 12:37","00:03",,,,
"Diaper","2026-06-29 12:25",,"yellow","Mucousy",,"Both, pee:large poo:small",
"Feed","2026-06-29 12:01",,,"Breast Milk","Bottle","135ml",
"Tummy time","2026-06-29 09:53","2026-06-29 09:55","00:02",,,,"smiled at himself in mirror 🥹"
"Tummy time","2026-06-29 09:35","2026-06-29 09:38","00:03",,,,
"Diaper","2026-06-29 09:21",,"yellow","Loose",,"Both, pee:large poo:medium",
"Feed","2026-06-29 08:56",,,"Breast Milk","Bottle","135ml",
"Pump","2026-06-29 08:27","2026-06-29 08:47","00:20","155ml",,,
"Tummy time","2026-06-29 06:44","2026-06-29 06:47","00:03",,,,"Outstanding work"
"Diaper","2026-06-29 06:30",,"green","Runny",,"Both, pee:large poo:large",
"Feed","2026-06-29 05:51",,,"Breast Milk","Bottle","135ml","D"
"Pump","2026-06-29 05:30","2026-06-29 05:50","00:20","133ml",,,
"Pump","2026-06-29 02:15","2026-06-29 02:35","00:20","187ml",,,
"Meds","2026-06-28 22:04",,,"0.3ml","Gas drops",,
"Tummy time","2026-06-28 21:54","2026-06-28 21:59","00:05",,,,
"Diaper","2026-06-28 21:54",,"green","Runny",,"Both, pee:large poo:medium",
"Pump","2026-06-28 21:50","2026-06-28 22:14","00:24","170ml",,,
"Feed","2026-06-28 21:09",,,"Breast Milk","Bottle","135ml",
"Diaper","2026-06-28 19:17",,"green","Runny",,"Both, pee:medium poo:medium",
"Pump","2026-06-28 19:07","2026-06-28 19:30","00:23","131ml",,,
"Feed","2026-06-28 18:37",,,"Breast Milk","Bottle","135ml",
"Pump","2026-06-28 16:47","2026-06-28 17:08","00:21","135ml",,,
"Tummy time","2026-06-28 16:43","2026-06-28 16:48","00:05",,,,
"Diaper","2026-06-28 16:43",,"yellow","Runny",,"Both, pee:medium poo:small",
"Feed","2026-06-28 16:05",,,"Breast Milk","Bottle","0ml",
"Diaper","2026-06-28 13:54",,,,,"Pee:medium",
"Tummy time","2026-06-28 13:23","2026-06-28 13:26","00:03",,,,
"Diaper","2026-06-28 13:17",,"green","Runny",,"Both, pee:large poo:large",
"Pump","2026-06-28 13:09","2026-06-28 13:29","00:20","134ml",,,
"Feed","2026-06-28 12:38",,,"Breast Milk","Bottle","140ml",
"Meds","2026-06-28 11:45",,,"4drops","Saline drops",,
"Pump","2026-06-28 10:27","2026-06-28 10:47","00:20","153ml",,,
"Feed","2026-06-28 10:18","2026-06-28 10:22","00:04",,"Breast","00:04L",
"Diaper","2026-06-28 10:15",,,,,"Pee:small",
"Tummy time","2026-06-28 09:54","2026-06-28 09:56","00:02",,,,
"Diaper","2026-06-28 09:46",,"yellow","Runny",,"Both, pee:medium poo:large",
"Feed","2026-06-28 09:28",,,"Breast Milk","Bottle","140ml",
"Tummy time","2026-06-28 07:23","2026-06-28 07:26","00:03",,,,
"Diaper","2026-06-28 07:16",,"green","Runny",,"Both, pee:small poo:large",
"Pump","2026-06-28 06:43","2026-06-28 07:05","00:22","177ml",,,
"Diaper","2026-06-28 06:33",,"yellow","Runny",,"Both, pee:large poo:small",
"Feed","2026-06-28 06:33",,,"Breast Milk","Bottle","135ml","D"
"Pump","2026-06-28 02:50","2026-06-28 03:10","00:20","211ml",,,
"Diaper","2026-06-27 22:08",,,,,"Pee:large",
"Pump","2026-06-27 21:51","2026-06-27 22:12","00:21","134ml",,,
"Feed","2026-06-27 21:29",,,"Breast Milk","Bottle","135ml",
"Meds","2026-06-27 21:27",,,"0.3ml","Gas drops",,
"Pump","2026-06-27 19:16","2026-06-27 19:36","00:20","120ml",,,
"Tummy time","2026-06-27 18:48","2026-06-27 18:52","00:04",,,,"most excellent "
"Diaper","2026-06-27 18:48",,"yellow","Runny",,"Both, pee:large poo:large",
"Feed","2026-06-27 18:08",,,"Breast Milk","Bottle","140ml",
"Pump","2026-06-27 16:44","2026-06-27 17:06","00:22","188ml",,,
"Tummy time","2026-06-27 16:17","2026-06-27 16:20","00:03",,,,"most excellent"
"Diaper","2026-06-27 16:11",,"green","Runny",,"Both, pee:large poo:large",
"Feed","2026-06-27 15:37",,,"Breast Milk","Bottle","135ml",
"Diaper","2026-06-27 13:54",,"yellow",,,"Both, pee:small poo:small",
"Diaper","2026-06-27 13:40",,"yellow",,,"Both, pee:small poo:small",
"Tummy time","2026-06-27 13:39","2026-06-27 13:42","00:03",,,,
"Pump","2026-06-27 13:21","2026-06-27 13:41","00:20","153ml",,,
"Feed","2026-06-27 12:54",,,"Breast Milk","Bottle","135ml",
"Diaper","2026-06-27 11:46",,,,,"Pee:medium",
"Tummy time","2026-06-27 10:29","2026-06-27 10:34","00:04",,,,
"Diaper","2026-06-27 10:20",,"green","Runny",,"Both, pee:large poo:large",
"Feed","2026-06-27 10:00",,,"Breast Milk","Bottle","135ml",
"Pump","2026-06-27 09:59","2026-06-27 10:20","00:21","155ml",,,
"Tummy time","2026-06-27 07:16","2026-06-27 07:20","00:04",,,,"Very good"
"Diaper","2026-06-27 07:00",,"yellow","Runny",,"Both, pee:large poo:large",
"Pump","2026-06-27 06:46","2026-06-27 07:08","00:22","196ml",,,
"Feed","2026-06-27 06:22",,,"Breast Milk","Bottle","135ml","Vitamin d"
"Pump","2026-06-27 02:24","2026-06-27 02:44","00:20","198ml",,,
"Pump","2026-06-26 21:29","2026-06-26 21:51","00:22","168ml",,,
"Tummy time","2026-06-26 21:25","2026-06-26 21:28","00:03",,,,"great work"
"Feed","2026-06-26 20:57",,,"Breast Milk","Bottle","135ml",
"Meds","2026-06-26 20:56",,,"0.3ml","Gas drops",,
"Diaper","2026-06-26 19:12",,"yellow","Runny",,"Both, pee:small poo:small",
"Tummy time","2026-06-26 18:55","2026-06-26 19:01","00:06",,,,"very good"
"Pump","2026-06-26 18:12","2026-06-26 18:32","00:20","146ml",,,
"Feed","2026-06-26 18:00",,,"Breast Milk","Bottle","135ml",
"Diaper","2026-06-26 17:22",,"yellow","Runny",,"Poo:medium",
"Diaper","2026-06-26 15:55",,,,,"Pee:small",
"Tummy time","2026-06-26 15:46","2026-06-26 15:52","00:06",,,,"very good"
"Diaper","2026-06-26 15:22",,"yellow","Runny",,"Both, pee:large poo:medium",
"Pump","2026-06-26 15:00","2026-06-26 15:22","00:22","168ml",,,
"Feed","2026-06-26 14:55",,,"Breast Milk","Bottle","135ml",
"Diaper","2026-06-26 12:47",,"yellow","Loose",,"Both, pee:large poo:small",
"Tummy time","2026-06-26 12:31","2026-06-26 12:34","00:03",,,,"pretty good overall"
"Feed","2026-06-26 11:52",,,"Breast Milk","Bottle","135ml",
"Pump","2026-06-26 11:03","2026-06-26 11:23","00:20","126ml",,,
"Diaper","2026-06-26 10:08",,"yellow","Runny",,"Both, pee:small poo:medium",
"Tummy time","2026-06-26 09:42","2026-06-26 09:46","00:04",,,,"looked to his left entire time"
"Diaper","2026-06-26 09:29",,"yellow","Loose",,"Both, pee:large poo:small",
"Feed","2026-06-26 08:56",,,"Breast Milk","Bottle","135ml",
"Pump","2026-06-26 08:25","2026-06-26 08:45","00:20","146ml",,,
"Tummy time","2026-06-26 06:40","2026-06-26 06:42","00:02",,,,"solid first minute, lazy second minute"
"Diaper","2026-06-26 06:23",,"yellow","Runny",,"Both, pee:large poo:large",
"Pump","2026-06-26 05:45","2026-06-26 06:05","00:20","170ml",,,
"Feed","2026-06-26 05:39",,,"Breast Milk","Bottle","135ml","Vitamin D"
"Pump","2026-06-26 01:51","2026-06-26 02:11","00:20","195ml",,,
"Diaper","2026-06-25 21:50",,,,,"Pee:small",
"Tummy time","2026-06-25 21:37","2026-06-25 21:42","00:05",,,,"most excellent"
"Diaper","2026-06-25 21:28",,,,,"Both, pee:medium poo:medium",
"Pump","2026-06-25 21:03","2026-06-25 21:24","00:21","145ml",,,
"Feed","2026-06-25 20:55",,,"Breast Milk","Bottle","135ml",
"Meds","2026-06-25 20:49",,,"0.3ml","Gas drops",,
"Bath","2026-06-25 18:45",,,,,,
"Tummy time","2026-06-25 18:30","2026-06-25 18:34","00:04",,,,
"Diaper","2026-06-25 18:24",,"yellow","Loose",,"Both, pee:medium poo:small",
"Pump","2026-06-25 17:54","2026-06-25 18:19","00:25","237ml",,,
"Feed","2026-06-25 17:49",,,"Breast Milk","Bottle","130ml",
"Diaper","2026-06-25 16:11",,,,,"Pee:medium",
"Tummy time","2026-06-25 16:04","2026-06-25 16:10","00:06",,,,
"Diaper","2026-06-25 15:43",,"yellow","Runny",,"Both, pee:medium poo:small",
"Feed","2026-06-25 15:00",,,"Breast Milk","Bottle","125ml",
"Diaper","2026-06-25 14:00",,"yellow","Mucousy",,"Both, pee:medium poo:small",
"Pump","2026-06-25 13:54","2026-06-25 14:10","00:16","86ml",,,
"Diaper","2026-06-25 12:38",,"yellow","Runny",,"Poo:large",
"Diaper","2026-06-25 12:14",,"yellow","Loose",,"Both, pee:large poo:small","Blowout 💀🫠"
"Feed","2026-06-25 11:44",,,"Breast Milk","Bottle","125ml","Vitamin D - Took 1 hour and 10 minutes to finish bottle "
"Pump","2026-06-25 10:46","2026-06-25 11:06","00:20","114ml",,,
"Tummy time","2026-06-25 09:45","2026-06-25 09:46","00:01",,,,"Got a burp and some spit up out"
"Diaper","2026-06-25 09:16",,"yellow","Loose",,"Both, pee:large poo:large",
"Meds","2026-06-25 09:10",,,,"Saline drops",,
"Feed","2026-06-25 09:02",,,"Breast Milk","Bottle","130ml","Did not finish - left around 5-10 ml"
"Pump","2026-06-25 08:06","2026-06-25 08:26","00:20","128ml",,,
"Tummy time","2026-06-25 06:12","2026-06-25 06:14","00:02",,,,"Mostly lazy time"
"Diaper","2026-06-25 06:02",,,,,"Pee:large",
"Feed","2026-06-25 05:42",,,"Breast Milk","Bottle","130ml",
"Pump","2026-06-25 05:24","2026-06-25 05:44","00:20","170ml",,,
"Pump","2026-06-25 01:59","2026-06-25 02:19","00:20","146ml",,,
"Tummy time","2026-06-24 22:50","2026-06-24 22:53","00:03",,,,
"Diaper","2026-06-24 22:36",,"yellow","Runny",,"Both, pee:large poo:large",
"Pump","2026-06-24 21:59","2026-06-24 22:19","00:20","130ml",,,
"Meds","2026-06-24 21:55",,,"4drops","Saline drops",,
"Feed","2026-06-24 21:54",,,"Breast Milk","Bottle","135ml",
"Tummy time","2026-06-24 19:56","2026-06-24 20:00","00:04",,,,"most excellent"
"Diaper","2026-06-24 19:56",,"yellow","Runny",,"Both, pee:large poo:medium",
"Pump","2026-06-24 19:55","2026-06-24 20:15","00:20","139ml",,,
"Meds","2026-06-24 19:21",,,"4drops","Saline drops",,
"Feed","2026-06-24 18:59",,,"Breast Milk","Bottle","135ml",
"Pump","2026-06-24 16:33","2026-06-24 16:53","00:20","188ml",,,
"Diaper","2026-06-24 16:15",,"yellow","Loose",,"Both, pee:large poo:medium",
"Feed","2026-06-24 15:57",,,"Breast Milk","Bottle","135ml",
"Tummy time","2026-06-24 13:49","2026-06-24 13:52","00:03",,,,
"Diaper","2026-06-24 13:40",,"yellow","Runny",,"Poo:medium",
"Diaper","2026-06-24 13:17",,,,,"Pee:medium",
"Feed","2026-06-24 12:55",,,"Breast Milk","Bottle","135ml","Vitamin D"
"Pump","2026-06-24 12:18","2026-06-24 12:39","00:21","149ml",,,
"Tummy time","2026-06-24 10:37","2026-06-24 10:41","00:04",,,,
"Diaper","2026-06-24 10:25",,"yellow","Loose",,"Poo:large","Absolute destruction 💀🫠"
"Diaper","2026-06-24 10:04",,,,,"Pee:large","Skid mark🚙"
"Feed","2026-06-24 09:45",,,"Breast Milk","Bottle","135ml",
"Pump","2026-06-24 09:14","2026-06-24 09:34","00:20","124ml",,,
"Diaper","2026-06-24 07:25",,"yellow","Runny",,"Both, pee:large poo:medium","Blow out 💀🫠"
"Pump","2026-06-24 06:45","2026-06-24 07:06","00:21","187ml",,,
"Feed","2026-06-24 06:44",,,"Breast Milk","Bottle","135ml",
"Meds","2026-06-24 06:40",,,"4drops","Saline drops",,
"Pump","2026-06-24 02:18","2026-06-24 02:38","00:20","165ml",,,
"Meds","2026-06-23 22:12",,,"0.3ml","Gas drops",,
"Diaper","2026-06-23 22:01",,"yellow","Runny",,"Both, pee:medium poo:medium",
"Pump","2026-06-23 21:54","2026-06-23 22:14","00:20","130ml",,,
"Feed","2026-06-23 21:34",,,"Breast Milk","Bottle","135ml",
"Diaper","2026-06-23 19:40",,,,,"Pee:medium",
"Tummy time","2026-06-23 19:24","2026-06-23 19:28","00:04",,,,"most excellent work"
"Pump","2026-06-23 19:08","2026-06-23 19:29","00:21","148ml",,,
"Diaper","2026-06-23 18:48",,"yellow","Runny",,"Both, pee:medium poo:small",
"Feed","2026-06-23 18:40",,,"Breast Milk","Bottle","135ml",
"Diaper","2026-06-23 17:00",,"yellow","Loose",,"Both, poo:medium",
"Diaper","2026-06-23 16:31",,,,,"Pee:medium",
"Tummy time","2026-06-23 16:30","2026-06-23 16:33","00:03",,,,
"Pump","2026-06-23 16:00","2026-06-23 16:21","00:21","194ml",,,
"Diaper","2026-06-23 15:53",,"yellow","Loose",,"Both, pee:medium poo:medium",
"Feed","2026-06-23 15:26",,,"Breast Milk","Bottle","135ml",
"Diaper","2026-06-23 15:14",,,,,"Pee:small",
"Feed","2026-06-23 13:36","2026-06-23 13:42","00:06",,"Breast","00:06L",
"Diaper","2026-06-23 13:19",,,,,"Pee:large",
"Tummy time","2026-06-23 13:13","2026-06-23 13:16","00:03",,,,
"Feed","2026-06-23 12:18",,,"Breast Milk","Bottle","135ml","Vitamin D"
"Pump","2026-06-23 11:39","2026-06-23 11:59","00:20","121ml",,,
"Tummy time","2026-06-23 10:46","2026-06-23 10:49","00:03",,,,"Looked mostly to his left side. Mad at end"
"Diaper","2026-06-23 10:18",,,,,"Pee:large",
"Feed","2026-06-23 09:35",,,"Breast Milk","Bottle","140ml",
"Pump","2026-06-23 08:35","2026-06-23 08:55","00:20","143ml",,,
"Diaper","2026-06-23 06:31",,"yellow","Runny",,"Both, pee:large poo:large",
"Feed","2026-06-23 06:10",,,"Breast Milk","Bottle","135ml",
"Pump","2026-06-23 05:23","2026-06-23 05:43","00:20","160ml",,,
"Diaper","2026-06-23 05:00",,"yellow","Runny",,"Both, pee:medium poo:medium",
"Diaper","2026-06-23 04:25",,"yellow",,,"Poo:small",
"Meds","2026-06-23 03:54",,,"4drops","Saline drops",,
"Feed","2026-06-23 03:54",,,"Breast Milk","Bottle","100ml",
"Diaper","2026-06-23 03:52",,"yellow","Runny",,"Both, pee:large poo:small",
"Pump","2026-06-23 01:26","2026-06-23 01:46","00:20","158ml",,,
"Diaper","2026-06-22 21:49",,"yellow","Runny",,"Both, pee:medium poo:medium",
"Pump","2026-06-22 21:35","2026-06-22 21:55","00:20","98ml",,,
"Diaper","2026-06-22 21:10",,,,,"Pee:large",
"Meds","2026-06-22 20:29",,,"0.3ml","Gas drops",,
"Feed","2026-06-22 20:28",,,"Breast Milk","Bottle","135ml",
"Pump","2026-06-22 19:29","2026-06-22 19:49","00:20","140ml",,,
"Tummy time","2026-06-22 18:23","2026-06-22 18:28","00:05",,,,"great head movement. lots of ups and downs movements. kept hips supported throughout. "
"Diaper","2026-06-22 17:46",,"yellow","Runny",,"Poo:large",
"Feed","2026-06-22 17:29",,,"Breast Milk","Bottle","135ml",
"Diaper","2026-06-22 17:24",,,,,"Pee:large",
"Pump","2026-06-22 16:16","2026-06-22 16:38","00:22","213ml",,,
"Diaper","2026-06-22 15:46",,,,,"Pee:large",
"Feed","2026-06-22 15:16",,,"Breast Milk","Bottle","135ml",
"Feed","2026-06-22 14:09","2026-06-22 14:19","00:10",,"Breast","00:10L",
"Tummy time","2026-06-22 12:58","2026-06-22 13:01","00:03",,,,
"Diaper","2026-06-22 12:49",,,,,"Pee:large",
"Feed","2026-06-22 12:15",,,"Breast Milk","Bottle","135ml",
"Pump","2026-06-22 11:08","2026-06-22 11:28","00:20","111ml",,,
"Tummy time","2026-06-22 10:11","2026-06-22 10:15","00:04",,,,"Held head up high and straight/looked both directions for 3 minutes straight, then got tired and struggled a bit the last minute "
"Diaper","2026-06-22 09:30",,"yellow","Runny",,"Both, pee:large poo:large","Massive blowout 💀🫠"
"Feed","2026-06-22 09:14",,,"Breast Milk","Bottle","135ml","Vitamin D"
"Pump","2026-06-22 08:37","2026-06-22 08:57","00:20","143ml",,,
"Diaper","2026-06-22 06:25",,"yellow","Runny",,"Both, pee:large poo:large",
"Feed","2026-06-22 05:57",,,"Breast Milk","Bottle","135ml",
"Pump","2026-06-22 05:38","2026-06-22 05:59","00:21","195ml",,,
"Pump","2026-06-22 01:11","2026-06-22 01:31","00:20","170ml",,,
"Diaper","2026-06-21 21:25",,,,,"Pee:medium",
"Pump","2026-06-21 20:47","2026-06-21 21:08","00:21","124ml",,,
"Feed","2026-06-21 20:42",,,"Breast Milk","Bottle","135ml",
"Meds","2026-06-21 20:41",,,"0.3ml","Gas drops",,
"Diaper","2026-06-21 19:43",,,,,"Pee:medium",
"Tummy time","2026-06-21 19:30","2026-06-21 19:34","00:04",,,,
"Diaper","2026-06-21 18:58",,"green","Runny",,"Both, pee:medium poo:medium",
"Feed","2026-06-21 18:17",,,"Breast Milk","Bottle","135ml",
"Pump","2026-06-21 17:57","2026-06-21 18:18","00:21","185ml",,,
"Diaper","2026-06-21 17:05",,,,,"Pee:small",
"Diaper","2026-06-21 16:07",,"yellow","Runny",,"Both, pee:large poo:large",
"Feed","2026-06-21 15:38",,,"Breast Milk","Bottle","135ml",
"Diaper","2026-06-21 14:06",,"yellow","Runny",,"Both, pee:large poo:large",
"Pump","2026-06-21 14:03","2026-06-21 14:23","00:20","179ml",,,
"Feed","2026-06-21 12:30",,,"Breast Milk","Bottle","135ml",
"Diaper","2026-06-21 10:32",,"yellow","Runny",,"Both, pee:small poo:medium",
"Pump","2026-06-21 10:01","2026-06-21 10:22","00:21","149ml",,,
"Feed","2026-06-21 09:33",,,"Breast Milk","Bottle","135ml",
"Diaper","2026-06-21 09:19",,,,,"Pee:large",
"Diaper","2026-06-21 07:20",,"yellow","Runny",,"Both, pee:large poo:large",
"Feed","2026-06-21 06:54",,,"Breast Milk","Bottle","135ml","Vitamin D"
"Pump","2026-06-21 06:39","2026-06-21 06:59","00:20","158ml",,,
"Pump","2026-06-21 02:27","2026-06-21 02:47","00:20","180ml",,,
"Pump","2026-06-20 21:52","2026-06-20 22:12","00:20","117ml",,,
"Diaper","2026-06-20 21:30",,,,,"Pee:medium",
"Feed","2026-06-20 21:08",,,"Breast Milk","Bottle","140ml",
"Meds","2026-06-20 21:04",,,"0.3ml","Gas drops",,
"Tummy time","2026-06-20 19:17","2026-06-20 19:22","00:05",,,,"kept head up facing forward for 5 min using pillow and arms extended outward"
"Pump","2026-06-20 19:15","2026-06-20 19:35","00:20","156ml",,,
"Diaper","2026-06-20 18:51",,,,,"Pee:small",
"Feed","2026-06-20 18:11",,,"Breast Milk","Bottle","135ml",
"Diaper","2026-06-20 16:43",,,,,"Pee:small",
"Tummy time","2026-06-20 16:22","2026-06-20 16:26","00:04",,,,
"Diaper","2026-06-20 16:15",,"yellow","Runny",,"Both, pee:large poo:large",
"Pump","2026-06-20 15:55","2026-06-20 16:15","00:20","195ml",,,
"Feed","2026-06-20 15:41",,,"Breast Milk","Bottle","135ml",
"Tummy time","2026-06-20 13:29","2026-06-20 13:35","00:06",,,,"used pillow to try and get movement to the right side. kind of worked. still preferred left side\n"
"Diaper","2026-06-20 13:26",,,,,"Pee:small",
"Pump","2026-06-20 12:44","2026-06-20 13:04","00:20","86ml",,,
"Feed","2026-06-20 12:38",,,"Breast Milk","Bottle",,
"Tummy time","2026-06-20 10:38","2026-06-20 10:43","00:05",,,,"kept head turned to the left. rolled himself over to his right. "
"Diaper","2026-06-20 10:29",,"yellow","Runny",,"Both, pee:large poo:large",
"Pump","2026-06-20 09:54","2026-06-20 10:15","00:21","121ml",,,
"Feed","2026-06-20 09:50",,,"Breast Milk","Bottle","0ml",
"Diaper","2026-06-20 08:10",,,,,"Pee",
"Diaper","2026-06-20 07:27",,,,,"Pee:large",
"Feed","2026-06-20 06:44",,,"Breast Milk","Bottle","135ml","Vitamin D"
"Pump","2026-06-20 06:14","2026-06-20 06:54","00:40","259ml",,,"Power pump session"
"Pump","2026-06-20 01:33","2026-06-20 01:53","00:20","176ml",,,
"Diaper","2026-06-19 21:44",,,,,"Pee:medium",
"Tummy time","2026-06-19 21:38","2026-06-19 21:43","00:05",,,,
"Diaper","2026-06-19 21:21",,"yellow","Runny",,"Both, pee:large poo:large",
"Pump","2026-06-19 21:11","2026-06-19 21:34","00:23","182ml",,,
"Feed","2026-06-19 20:43",,,"Breast Milk","Bottle","135ml",
"Meds","2026-06-19 20:42",,,"0.3ml","Gas drops",,
"Diaper","2026-06-19 18:35",,,,,"Pee",
"Diaper","2026-06-19 17:44",,"yellow",,,"Both, pee:large poo:large",
"Feed","2026-06-19 17:18",,,"Breast Milk","Bottle","135ml",
"Pump","2026-06-19 17:16","2026-06-19 17:37","00:21","137ml",,,
"Diaper","2026-06-19 15:36",,"yellow","Runny",,"Both, pee:large poo:large","Blowout 🫠💀 Also peed while being changed"
"Feed","2026-06-19 15:05",,,"Breast Milk","Bottle","135ml",
"Pump","2026-06-19 14:44","2026-06-19 15:04","00:20","141ml",,,
"Diaper","2026-06-19 12:53",,"yellow","Mucousy",,"Both, pee:medium poo:medium",
"Feed","2026-06-19 12:13",,,"Breast Milk","Bottle","135ml",
"Pump","2026-06-19 11:16","2026-06-19 11:36","00:20","137ml",,,
"Diaper","2026-06-19 10:38",,"yellow","Runny",,"Both, pee:small poo:large","Very runny poop🏃🏻"
"Tummy time","2026-06-19 10:14","2026-06-19 10:18","00:04",,,,"held head up and straight-ish a majority of the time "
"Diaper","2026-06-19 10:07",,,,,"Pee:medium",
"Diaper","2026-06-19 09:07",,,,,"Pee:large",
"Feed","2026-06-19 09:07",,,"Breast Milk","Bottle","135ml","Vitamin D"
"Pump","2026-06-19 08:18","2026-06-19 08:38","00:20","128ml",,,
"Diaper","2026-06-19 06:25",,"yellow","Runny",,"Both, pee:large poo:large",
"Feed","2026-06-19 05:57",,,"Breast Milk","Bottle","135ml",
"Pump","2026-06-19 05:33","2026-06-19 05:53","00:20","151ml",,,
"Pump","2026-06-19 02:08","2026-06-19 02:28","00:20","180ml",,,
"Diaper","2026-06-18 22:42",,,,,"Pee:large",
"Pump","2026-06-18 21:36","2026-06-18 21:58","00:22","133ml",,,
"Feed","2026-06-18 21:34",,,"Breast Milk","Bottle","135ml",
"Meds","2026-06-18 21:30",,,"0.3ml","Gas drops",,
"Feed","2026-06-18 19:12",,,"Breast Milk","Bottle","135ml",
"Pump","2026-06-18 19:00","2026-06-18 19:23","00:23","153ml",,,
"Diaper","2026-06-18 17:30",,,,,"Pee:medium",
"Tummy time","2026-06-18 17:12","2026-06-18 17:15","00:03",,,,"kept head up pretty much the whole time. stopped because of pissyness "
"Diaper","2026-06-18 17:01",,"yellow","Runny",,"Both, pee:large poo:small",
"Feed","2026-06-18 16:29",,,"Breast Milk","Bottle","135ml",
"Pump","2026-06-18 16:10","2026-06-18 16:31","00:21","147ml",,,
"Tummy time","2026-06-18 14:01","2026-06-18 14:03","00:02",,,,"Held head up really high, almost looking backwards"
"Diaper","2026-06-18 13:50",,"yellow","Runny",,"Both, pee:large poo:large","Blowout 💀🫠"
"Feed","2026-06-18 13:22",,,"Breast Milk","Bottle","135ml",
"Pump","2026-06-18 12:49","2026-06-18 13:09","00:20","124ml",,,
"Tummy time","2026-06-18 12:03","2026-06-18 12:06","00:03",,,,
"Diaper","2026-06-18 11:50",,,,,"Pee:large",
"Feed","2026-06-18 11:10","2026-06-18 11:18","00:07",,"Breast","00:07L",
"Feed","2026-06-18 10:50","2026-06-18 11:06","00:16","00:07R","Breast","00:09L",
"Tummy time","2026-06-18 09:32","2026-06-18 09:36","00:04",,,,
"Diaper","2026-06-18 09:15",,"yellow","Runny",,"Both, pee:large poo:large",
"Feed","2026-06-18 08:52",,,"Breast Milk","Bottle","135ml",
"Pump","2026-06-18 08:16","2026-06-18 08:36","00:20","131ml",,,
"Tummy time","2026-06-18 06:39","2026-06-18 06:44","00:05",,,,"Mostly lifted head towards his left but then switched to his right at the end "
"Diaper","2026-06-18 06:03",,"yellow",,,"Both, pee:large poo:large",
"Feed","2026-06-18 05:41",,,"Breast Milk","Bottle","135ml","Vitamin D"
"Pump","2026-06-18 05:35","2026-06-18 05:55","00:20","187ml",,,
"Pump","2026-06-18 01:35","2026-06-18 01:55","00:20","176ml",,,
"Pump","2026-06-17 21:11","2026-06-17 21:31","00:20","129ml",,,
"Diaper","2026-06-17 21:06",,,,,"Pee:large",
"Meds","2026-06-17 20:28",,,"0.3ml","Gas drops",,
"Feed","2026-06-17 20:28",,,"Breast Milk","Bottle","135ml",
"Tummy time","2026-06-17 18:33","2026-06-17 18:43","00:10",,,,"good head movement, but still favors the left side when moving"
"Diaper","2026-06-17 18:33",,,,,"Pee:medium",
"Pump","2026-06-17 18:14","2026-06-17 18:35","00:21","134ml",,,
"Diaper","2026-06-17 17:56",,"yellow","Runny",,"Both, pee:large poo:medium",
"Feed","2026-06-17 17:31",,,"Breast Milk","Bottle","135ml",
"Pump","2026-06-17 15:23","2026-06-17 15:43","00:20","151ml",,,
"Diaper","2026-06-17 15:06",,"yellow","Runny",,"Both, pee:large poo:large",
"Feed","2026-06-17 14:38",,,"Breast Milk","Bottle","135ml",
"Tummy time","2026-06-17 12:44","2026-06-17 12:48","00:04",,,,"Kept head up (relatively straight) for 2 consecutive minutes  "
"Pump","2026-06-17 12:22","2026-06-17 12:42","00:20","148ml",,,
"Diaper","2026-06-17 12:17",,"yellow","Runny",,"Both, pee:medium poo:large",
"Feed","2026-06-17 11:44",,,"Breast Milk","Bottle","135ml",
"Diaper","2026-06-17 10:07",,,,,"Pee:small",
"Tummy time","2026-06-17 09:46","2026-06-17 09:49","00:03",,,,"good head lifts but only wanted to look towards his left "
"Diaper","2026-06-17 09:30",,"yellow","Runny",,"Both, pee:large poo:large",
"Feed","2026-06-17 09:05",,,"Breast Milk","Bottle","135ml","Vitamin D"
"Pump","2026-06-17 08:18","2026-06-17 08:40","00:22","134ml",,,
"Tummy time","2026-06-17 06:48","2026-06-17 06:51","00:03",,,,
"Diaper","2026-06-17 06:26",,,"Runny",,"Poo:medium",
"Diaper","2026-06-17 05:59",,"yellow","Runny",,"Both, pee:large poo:medium",
"Feed","2026-06-17 05:59",,,"Breast Milk","Bottle","135ml",
"Pump","2026-06-17 05:29","2026-06-17 05:50","00:21","184ml",,,
"Pump","2026-06-17 01:38","2026-06-17 01:58","00:20","182ml",,,
"Diaper","2026-06-16 21:47",,"yellow","Runny",,"Both, pee:small poo:small",
"Diaper","2026-06-16 21:24",,"yellow","Runny",,"Both, pee:medium poo:small",
"Pump","2026-06-16 21:10","2026-06-16 21:31","00:21","115ml",,,
"Feed","2026-06-16 20:50",,,"Breast Milk","Bottle","135ml",
"Diaper","2026-06-16 19:11",,,,,"Pee:medium",
"Diaper","2026-06-16 18:34",,"yellow","Diarrhea",,"Both, pee:medium poo:large",
"Pump","2026-06-16 18:26","2026-06-16 18:50","00:24","137ml",,,
"Feed","2026-06-16 17:54",,,"Breast Milk","Bottle","135ml",
"Diaper","2026-06-16 16:48",,,,,"Pee:small",
"Tummy time","2026-06-16 16:25","2026-06-16 16:31","00:06",,,,"good movement but only to the left side. difficult for him to move when head is on right side"
"Diaper","2026-06-16 16:23",,"yellow","Runny",,"Both, pee:large poo:medium",
"Pump","2026-06-16 16:10","2026-06-16 16:31","00:21","148ml",,,
"Feed","2026-06-16 15:20",,,"Breast Milk","Bottle","135ml",
"Feed","2026-06-16 14:22","2026-06-16 14:30","00:08",,"Breast","00:08L",
"Diaper","2026-06-16 13:26",,,,,"Pee:large",
"Tummy time","2026-06-16 12:53","2026-06-16 12:55","00:02",,,,"only lifted head 1-2 times and otherwise was laying there upset"
"Diaper","2026-06-16 12:12",,"yellow","Runny",,"Both, pee:large poo:large",
"Feed","2026-06-16 12:08",,,"Breast Milk","Bottle","135ml","Vitamin D"
"Pump","2026-06-16 11:38","2026-06-16 11:58","00:20","126ml",,,
"Tummy time","2026-06-16 09:56","2026-06-16 10:00","00:04",,,,"Barely lifted head and had to stop when he got upset"
"Diaper","2026-06-16 09:30",,"yellow","Runny",,"Both, pee:large poo:small","Also peed while being changed"
"Feed","2026-06-16 08:58",,,"Breast Milk","Bottle","135ml",
"Pump","2026-06-16 08:32","2026-06-16 08:52","00:20","141ml",,,
"Diaper","2026-06-16 06:24",,"yellow","Runny",,"Both, pee:small poo:medium",
"Diaper","2026-06-16 05:50",,,,,"Pee:large",
"Feed","2026-06-16 05:50",,,"Breast Milk","Bottle","135ml",
"Pump","2026-06-16 05:26","2026-06-16 05:46","00:20","174ml",,,
"Pump","2026-06-16 01:26","2026-06-16 01:46","00:20","193ml",,,
"Diaper","2026-06-15 21:36",,"yellow","Runny",,"Both, pee:medium poo:medium",
"Pump","2026-06-15 21:05","2026-06-15 21:26","00:21","136ml",,,
"Feed","2026-06-15 21:02",,,"Breast Milk","Bottle","135ml",
"Meds","2026-06-15 21:00",,,"0.3ml","Gas drops",,
"Diaper","2026-06-15 19:00",,,,,"Pee:small",
"Tummy time","2026-06-15 18:47","2026-06-15 18:55","00:08",,,,"good movements at the end with encouragement by placing elbows under shoulders. "
"Diaper","2026-06-15 18:22",,"yellow","Runny",,"Both, pee:medium poo:medium",
"Pump","2026-06-15 18:00","2026-06-15 18:20","00:20","124ml",,,
"Feed","2026-06-15 17:55",,,"Breast Milk","Bottle","130ml",
"Feed","2026-06-15 17:22","2026-06-15 17:30","00:08",,"Breast","00:08L",
"Tummy time","2026-06-15 16:18","2026-06-15 16:23","00:05",,,,
"Diaper","2026-06-15 16:07",,"yellow","Runny",,"Both, pee:medium poo:small",
"Diaper","2026-06-15 15:33",,"yellow","Runny",,"Both, pee:large poo:medium",
"Feed","2026-06-15 15:09",,,"Breast Milk","Bottle","135ml",
"Pump","2026-06-15 14:36","2026-06-15 14:56","00:20","105ml",,,
"Tummy time","2026-06-15 12:50","2026-06-15 12:55","00:05",,,,
"Diaper","2026-06-15 12:33",,"yellow","Runny",,"Both, pee:large poo:large","Blow out 💀🫠"
"Feed","2026-06-15 12:07",,,"Breast Milk","Bottle","135ml","Vitamin D"
"Pump","2026-06-15 11:27","2026-06-15 11:48","00:21","139ml",,,
"Feed","2026-06-15 08:59",,,"Breast Milk","Bottle","135ml",
"Diaper","2026-06-15 08:47",,,,,"Pee:large","Skid mark"
"Pump","2026-06-15 08:18","2026-06-15 08:38","00:20","128ml",,,
"Tummy time","2026-06-15 06:54","2026-06-15 06:58","00:04",,,,
"Diaper","2026-06-15 06:38",,"yellow","Runny",,"Poo:medium",
"Diaper","2026-06-15 06:03",,"yellow","Runny",,"Both, pee:large poo:medium",
"Feed","2026-06-15 06:03",,,"Breast Milk","Bottle","135ml",
"Pump","2026-06-15 05:37","2026-06-15 05:57","00:20","178ml",,,
"Pump","2026-06-15 01:25","2026-06-15 01:45","00:20","166ml",,,
"Diaper","2026-06-14 22:39",,"yellow","Loose",,"Poo:medium",
"Diaper","2026-06-14 22:00",,,,,"Pee",
"Pump","2026-06-14 21:34","2026-06-14 21:55","00:21","139ml",,,
"Feed","2026-06-14 21:26",,,"Breast Milk","Bottle","135ml",
"Meds","2026-06-14 21:25",,,"0.3ml","Gas drops",,
"Bath","2026-06-14 19:38",,,,,,
"Diaper","2026-06-14 19:15",,"yellow","Runny",,"Both, pee:large poo:large",
"Pump","2026-06-14 18:33","2026-06-14 18:54","00:21","145ml",,,
"Feed","2026-06-14 18:28",,,"Breast Milk","Bottle","135ml",
"Diaper","2026-06-14 17:12",,,,,"Pee:medium",
"Tummy time","2026-06-14 16:37","2026-06-14 16:42","00:05",,,,"excellent heads up movement. kept head up for 1:00 min straight. "
"Feed","2026-06-14 15:36",,,"Breast Milk","Bottle","135ml",
"Pump","2026-06-14 15:28","2026-06-14 15:51","00:23","137ml",,,
"Diaper","2026-06-14 13:33",,,,,"Pee:medium",
"Tummy time","2026-06-14 13:17","2026-06-14 13:22","00:05",,,,"excellent head movements up and to the side"
"Diaper","2026-06-14 12:49",,"yellow","Runny",,"Both, pee:medium poo:large",
"Pump","2026-06-14 12:19","2026-06-14 12:40","00:21","125ml",,,
"Feed","2026-06-14 12:16",,,"Breast Milk","Bottle","135ml","Vitamin D"
"Diaper","2026-06-14 12:15",,"yellow","Runny",,"Both, pee:small poo:small",
"Diaper","2026-06-14 10:23",,"yellow","Runny",,"Both, pee:small poo:small",
"Diaper","2026-06-14 09:43",,"yellow","Runny",,"Both, pee:large poo:large",
"Pump","2026-06-14 09:22","2026-06-14 09:42","00:20","123ml",,,
"Feed","2026-06-14 09:16",,,"Breast Milk","Bottle","135ml",
"Diaper","2026-06-14 06:13",,,,,"Pee:large",
"Pump","2026-06-14 05:49","2026-06-14 06:09","00:20","149ml",,,
"Feed","2026-06-14 05:48",,,"Breast Milk","Bottle","135ml",
"Pump","2026-06-14 02:15","2026-06-14 02:35","00:20","182ml",,,
"Diaper","2026-06-13 22:13",,,,,"Pee:medium",
"Pump","2026-06-13 21:53","2026-06-13 22:13","00:20","118ml",,,
"Feed","2026-06-13 21:23",,,"Breast Milk","Bottle","135ml",
"Meds","2026-06-13 21:20",,,"0.3ml","Gas drops",,
"Pump","2026-06-13 19:27","2026-06-13 19:48","00:21","107ml",,,
"Diaper","2026-06-13 19:06",,,,,"Pee:medium",
"Tummy time","2026-06-13 19:03","2026-06-13 19:08","00:05",,,,
"Diaper","2026-06-13 19:03",,"yellow","Loose",,"Both, poo:medium",
"Feed","2026-06-13 18:07",,,"Breast Milk","Bottle","135ml",
"Diaper","2026-06-13 18:02",,,,,"Pee:small",
"Pump","2026-06-13 17:03","2026-06-13 17:24","00:21","129ml",,,
"Diaper","2026-06-13 16:49",,,,,"Pee:medium",
"Diaper","2026-06-13 15:54",,"yellow","Diarrhea",,"Both, pee:medium poo:large",
"Feed","2026-06-13 15:24",,,"Breast Milk","Bottle","140ml",
"Pump","2026-06-13 14:03","2026-06-13 14:26","00:23","118ml",,,
"Tummy time","2026-06-13 14:02","2026-06-13 14:09","00:07",,,,"excellent head lifts only to the left side. "
"Diaper","2026-06-13 13:41",,"yellow","Runny",,"Both, pee:large poo:large",
"Feed","2026-06-13 12:48",,,"Breast Milk","Bottle","135ml","Vitamin D"
"Meds","2026-06-13 12:43",,,"0.3ml","Gas drops",,
"Pump","2026-06-13 11:31","2026-06-13 11:52","00:21","136ml",,,
"Tummy time","2026-06-13 11:02","2026-06-13 11:05","00:03",,,,
"Diaper","2026-06-13 10:15",,"yellow","Runny",,"Both, pee:large poo:large",
"Feed","2026-06-13 09:46",,,"Breast Milk","Bottle","135ml",
"Pump","2026-06-13 08:35","2026-06-13 08:57","00:22","225ml",,,
"Diaper","2026-06-13 07:04",,,,,"Pee:large",
"Feed","2026-06-13 06:34",,,"Breast Milk","Bottle","135ml",
"Pump","2026-06-13 03:13","2026-06-13 03:33","00:20","189ml",,,
"Diaper","2026-06-12 23:13",,,,,"Pee:medium",
"Feed","2026-06-12 22:29",,,"Breast Milk","Bottle","135ml",
"Pump","2026-06-12 22:28","2026-06-12 22:48","00:20","155ml",,,
"Meds","2026-06-12 22:26",,,"0.3ml","Gas drops",,
"Diaper","2026-06-12 20:59",,,,,"Pee:medium",
"Tummy time","2026-06-12 20:43","2026-06-12 20:54","00:11",,,,
"Diaper","2026-06-12 20:21",,,,,"Both, pee:large poo:large",
"Diaper","2026-06-12 19:45",,,,,"Pee",
"Feed","2026-06-12 19:43",,,"Breast Milk","Bottle","140ml",
"Pump","2026-06-12 18:54","2026-06-12 19:14","00:20","126ml",,,
"Diaper","2026-06-12 18:04",,"yellow",,,"Both, pee:medium poo:medium",
"Feed","2026-06-12 17:25",,,"Breast Milk","Bottle","135ml",
"Pump","2026-06-12 16:13","2026-06-12 16:34","00:21","152ml",,,
"Diaper","2026-06-12 15:25",,"yellow","Runny",,"Both, pee:large poo:large",
"Feed","2026-06-12 14:58",,,"Breast Milk","Bottle","135ml",
"Pump","2026-06-12 12:41","2026-06-12 13:02","00:21","151ml",,,
"Diaper","2026-06-12 11:48",,"yellow","Runny",,"Both, pee:large poo:large","Blowout💀🫠"
"Feed","2026-06-12 11:32",,,"Breast Milk","Bottle","135ml","Vitamin D"
"Pump","2026-06-12 09:27","2026-06-12 09:47","00:20","151ml",,,
"Tummy time","2026-06-12 09:12","2026-06-12 09:16","00:04",,,,"Mostly held head up to the side, not forward "
"Diaper","2026-06-12 09:00",,"yellow","Diarrhea",,"Both, pee:large poo:small",
"Feed","2026-06-12 08:25",,,"Breast Milk","Bottle","135ml",
"Diaper","2026-06-12 05:47",,"yellow","Runny",,"Both, pee:large poo:large",
"Pump","2026-06-12 05:31","2026-06-12 05:52","00:21","140ml",,,
"Feed","2026-06-12 05:06",,,"Breast Milk","Bottle","135ml",
"Pump","2026-06-12 02:09","2026-06-12 02:29","00:20","169ml",,,
"Diaper","2026-06-11 22:35",,,,,"Pee:large",
"Pump","2026-06-11 22:04","2026-06-11 22:26","00:22","137ml",,,
"Feed","2026-06-11 21:55",,,"Breast Milk","Bottle","135ml",
"Meds","2026-06-11 21:54",,,"0.3ml","Gas drops",,
"Diaper","2026-06-11 20:15",,"yellow","Runny",,"Both, pee:medium poo:medium",
"Diaper","2026-06-11 20:01",,,,,"Pee:medium",
"Diaper","2026-06-11 19:24",,,,,"Pee:large",
"Pump","2026-06-11 19:12","2026-06-11 19:32","00:20","126ml",,,
"Feed","2026-06-11 18:54",,,"Breast Milk","Bottle","135ml",
"Diaper","2026-06-11 16:55",,,,,"Pee:small",
"Tummy time","2026-06-11 16:32","2026-06-11 16:45","00:13",,,,"very small movements. quite a disappointing session. \n"
"Pump","2026-06-11 16:11","2026-06-11 16:31","00:20","173ml",,,
"Diaper","2026-06-11 16:05",,"yellow","Diarrhea",,"Both, pee:medium poo:medium",
"Feed","2026-06-11 15:35",,,"Breast Milk","Bottle","135ml",
"Diaper","2026-06-11 13:05",,"yellow","Runny",,"Both, pee:medium poo:large",
"Feed","2026-06-11 12:36",,,"Breast Milk","Bottle","135ml","Vitamin D"
"Diaper","2026-06-11 12:30",,,,,"Pee:medium","Skid mark"
"Pump","2026-06-11 12:02","2026-06-11 12:22","00:20","119ml",,,
"Diaper","2026-06-11 10:30",,,,,"Pee:large",
"Feed","2026-06-11 09:40",,,"Breast Milk","Bottle","135ml",
"Pump","2026-06-11 09:11","2026-06-11 09:31","00:20","155ml",,,
"Diaper","2026-06-11 06:11",,"yellow","Diarrhea",,"Both, pee:large poo:medium",
"Pump","2026-06-11 05:44","2026-06-11 06:04","00:20","137ml",,,
"Feed","2026-06-11 05:41",,,"Breast Milk","Bottle","135ml",
"Pump","2026-06-11 01:48","2026-06-11 02:12","00:24","172ml",,,
"Diaper","2026-06-10 22:46",,,,,"Pee:large",
"Pump","2026-06-10 21:47","2026-06-10 22:09","00:22","108ml",,,
"Feed","2026-06-10 21:43",,,"Breast Milk","Bottle","135ml",
"Meds","2026-06-10 21:38",,,"0.3ml","Gas drops",,
"Tummy time","2026-06-10 20:12","2026-06-10 20:25","00:13",,,,"good head movement at first with a roll back over. then after that, only smaller movements. "
"Diaper","2026-06-10 19:50",,"yellow","Runny",,"Poo:medium",
"Pump","2026-06-10 19:23","2026-06-10 19:44","00:21","126ml",,,
"Feed","2026-06-10 19:18",,,"Breast Milk","Bottle","135ml",
"Diaper","2026-06-10 19:16",,"yellow","Runny",,"Both, pee:small poo:medium",
"Diaper","2026-06-10 18:00",,,,,"Pee",
"Diaper","2026-06-10 17:06",,"yellow","Diarrhea",,"Both, pee:medium poo:medium",
"Feed","2026-06-10 16:42",,,"Breast Milk","Bottle","135ml",
"Pump","2026-06-10 16:41","2026-06-10 17:01","00:20","155ml",,,
"Diaper","2026-06-10 15:43",,,,,"Pee:medium",
"Diaper","2026-06-10 15:00",,,,,"Pee:medium",
"Feed","2026-06-10 13:32",,,"Breast Milk","Bottle","135ml",
"Diaper","2026-06-10 13:21",,"yellow","Runny",,"Both, pee:medium poo:medium",
"Pump","2026-06-10 12:47","2026-06-10 13:07","00:20","122ml",,,
"Tummy time","2026-06-10 12:09","2026-06-10 12:14","00:05",,,,
"Diaper","2026-06-10 12:00",,"yellow","Diarrhea",,"Both, pee:large poo:large","Diarrhea "
"Feed","2026-06-10 11:15",,,"Breast Milk","Bottle","120ml",
"Pump","2026-06-10 10:07","2026-06-10 10:27","00:20","160ml",,,
"Diaper","2026-06-10 09:17",,"yellow","Runny",,"Both, pee:large poo:large","Poop more runny than normal "
"Feed","2026-06-10 08:38",,,"Breast Milk","Bottle","135ml","Vitamin D"
"Diaper","2026-06-10 06:22",,"yellow",,,"Both, pee:large poo:large",
"Pump","2026-06-10 05:52","2026-06-10 06:13","00:21","135ml",,,
"Meds","2026-06-10 05:50",,,"0.3ml","Gas drops",,
"Feed","2026-06-10 05:49",,,"Breast Milk","Bottle","135ml",
"Pump","2026-06-10 02:40","2026-06-10 03:00","00:20","177ml",,,
"Diaper","2026-06-09 22:29",,"yellow",,,"Both, pee:medium poo:small",
"Pump","2026-06-09 21:57","2026-06-09 22:17","00:20","106ml",,,
"Feed","2026-06-09 21:45",,,"Breast Milk","Bottle","135ml",
"Meds","2026-06-09 21:42",,,"0.3ml","Gas drops",,
"Pump","2026-06-09 19:27","2026-06-09 19:48","00:21","141ml",,,
"Feed","2026-06-09 19:27",,,"Breast Milk","Bottle","135ml",
"Tummy time","2026-06-09 19:23","2026-06-09 19:28","00:05",,,,
"Diaper","2026-06-09 19:23",,,,,"Pee:large",
"Diaper","2026-06-09 17:47",,"yellow",,,"Both, pee:medium poo:medium",
"Feed","2026-06-09 16:49",,,"Breast Milk","Bottle","135ml",
"Diaper","2026-06-09 16:39",,,,,"Pee:medium",
"Pump","2026-06-09 16:21","2026-06-09 16:41","00:20","155ml",,,
"Diaper","2026-06-09 14:46",,"yellow","Runny",,"Both, pee:large poo:large",
"Feed","2026-06-09 14:21",,,"Breast Milk","Bottle","130ml","Vitamin D"
"Pump","2026-06-09 12:26","2026-06-09 12:46","00:20","118ml",,,
"Diaper","2026-06-09 12:03",,"yellow","Mucousy",,"Both, pee:large poo:small",
"Feed","2026-06-09 11:15",,,"Breast Milk","Bottle","130ml",
"Feed","2026-06-09 10:47","2026-06-09 10:54","00:07",,"Breast","00:07L",
"Pump","2026-06-09 09:30","2026-06-09 09:50","00:20","150ml",,,
"Tummy time","2026-06-09 09:16","2026-06-09 09:21","00:05",,,,"Turned head from one side to the other while head was raised "
"Diaper","2026-06-09 08:50",,"yellow","Mucousy",,"Both, pee:medium poo:medium",
"Feed","2026-06-09 08:24",,,"Breast Milk","Bottle","130ml",
"Diaper","2026-06-09 06:12",,,,,"Pee:small",
"Pump","2026-06-09 05:40","2026-06-09 06:00","00:20","129ml",,,
"Diaper","2026-06-09 05:39",,"yellow",,,"Both, pee:large poo:medium",
"Feed","2026-06-09 05:06",,,"Breast Milk","Bottle","130ml",
"Pump","2026-06-09 02:17","2026-06-09 02:37","00:20","167ml",,,
"Pump","2026-06-08 22:17","2026-06-08 22:37","00:20","135ml",,,
"Diaper","2026-06-08 21:03",,"yellow",,,"Both, pee:medium poo:large",
"Feed","2026-06-08 20:28",,,"Breast Milk","Bottle","140ml",
"Meds","2026-06-08 20:25",,,"0.3ml","Gas drops",,
"Pump","2026-06-08 19:25","2026-06-08 19:45","00:20","112ml",,,
"Tummy time","2026-06-08 18:56","2026-06-08 19:01","00:05",,,,
"Diaper","2026-06-08 18:49",,,,,"Pee",
"Bath","2026-06-08 18:30",,,,,,
"Diaper","2026-06-08 18:15",,"yellow",,,"Both, pee:medium poo:medium",
"Feed","2026-06-08 17:45",,,"Breast Milk","Bottle","130ml",
"Pump","2026-06-08 16:21","2026-06-08 16:41","00:20","148ml",,,
"Diaper","2026-06-08 14:40",,"yellow","Runny",,"Poo:medium",
"Feed","2026-06-08 14:12",,,"Breast Milk","Bottle","130ml",
"Diaper","2026-06-08 14:05",,,,,"Pee:large",
"Pump","2026-06-08 12:34","2026-06-08 12:54","00:20","118ml",,,
"Tummy time","2026-06-08 12:05","2026-06-08 12:10","00:05",,,,
"Diaper","2026-06-08 11:50",,"yellow","Loose",,"Both, pee:large poo:large",
"Feed","2026-06-08 11:10",,,"Breast Milk","Bottle","130ml","Vitamin D"
"Pump","2026-06-08 09:32","2026-06-08 09:53","00:21","160ml",,,
"Diaper","2026-06-08 08:20",,"yellow","Loose",,"Both, pee:large poo:large",
"Feed","2026-06-08 08:00",,,"Breast Milk","Bottle","130ml",
"Pump","2026-06-08 05:53","2026-06-08 06:13","00:20","125ml",,,
"Diaper","2026-06-08 05:28",,"yellow",,,"Both, pee:large poo:medium",
"Feed","2026-06-08 04:50",,,"Breast Milk","Bottle","130ml",
"Pump","2026-06-08 02:35","2026-06-08 02:56","00:21","155ml",,,
"Diaper","2026-06-07 23:14",,,,,"Pee:large",
"Pump","2026-06-07 22:36","2026-06-07 22:56","00:20","138ml",,,
"Feed","2026-06-07 22:33",,,"Breast Milk","Bottle","130ml",
"Meds","2026-06-07 22:29",,,"0.3ml","Gas drops",,
"Feed","2026-06-07 21:45","2026-06-07 21:57","00:12","00:07R","Breast","00:04L",
"Diaper","2026-06-07 21:32",,,,,"Pee:medium",
"Tummy time","2026-06-07 21:00","2026-06-07 21:08","00:08",,,,"REALLY good head up movement!"
"Diaper","2026-06-07 20:26",,"yellow","Loose",,"Both, pee:large poo:large",
"Feed","2026-06-07 19:45",,,"Breast Milk","Bottle","130ml",
"Pump","2026-06-07 18:16","2026-06-07 18:36","00:20","118ml",,,
"Diaper","2026-06-07 18:12",,"yellow",,,"Both, pee:medium poo:small",
"Feed","2026-06-07 17:09",,,"Breast Milk","Bottle","130ml",
"Diaper","2026-06-07 14:53",,"yellow",,,"Both, pee:medium poo:medium",
"Pump","2026-06-07 14:48","2026-06-07 15:08","00:20","93ml",,,
"Feed","2026-06-07 14:14",,,"Breast Milk","Bottle","130ml","Vitamin D"
"Meds","2026-06-07 14:12",,,"0.3ml","Gas drops",,
"Diaper","2026-06-07 12:12",,"yellow",,,"Both, pee:medium poo:small",
"Feed","2026-06-07 11:32",,,"Breast Milk","Bottle","130ml",
"Pump","2026-06-07 11:22","2026-06-07 12:02","00:40","204ml",,,"Power pump session"
"Diaper","2026-06-07 10:00",,"yellow",,,"Both, pee:medium poo:medium",
"Diaper","2026-06-07 08:49",,"yellow",,,"Both, pee:medium poo:medium",
"Feed","2026-06-07 08:40",,,"Breast Milk","Bottle","130ml",
"Pump","2026-06-07 07:38","2026-06-07 07:58","00:20","165ml",,,
"Diaper","2026-06-07 06:06",,"yellow",,,"Both, pee:large poo:large",
"Feed","2026-06-07 05:27",,,"Breast Milk","Bottle","130ml",
"Meds","2026-06-07 05:24",,,"0.3ml","Gas drops",,
"Pump","2026-06-07 03:12","2026-06-07 03:32","00:20","164ml",,,
"Story time","2026-06-06 23:24",,,,,,
"Diaper","2026-06-06 23:24",,,,,"Pee:medium",
"Pump","2026-06-06 22:40","2026-06-06 23:01","00:21","134ml",,,
"Story time","2026-06-06 21:59",,,,,,
"Feed","2026-06-06 21:26",,,"Breast Milk","Bottle","130ml",
"Meds","2026-06-06 21:25",,,"0.3ml","Gas drops",,
"Diaper","2026-06-06 21:23",,"yellow",,,"Both, pee:medium poo:small",
"Diaper","2026-06-06 19:10",,,,,"Pee:medium",
"Tummy time","2026-06-06 18:57","2026-06-06 19:05","00:08",,,,
"Pump","2026-06-06 18:55","2026-06-06 19:19","00:24","163ml",,,
"Diaper","2026-06-06 18:17",,"yellow",,,"Both, pee:medium poo:medium",
"Feed","2026-06-06 17:51",,,"Breast Milk","Bottle","130ml",
"Story time","2026-06-06 16:41",,,,,,
"Tummy time","2026-06-06 16:11","2026-06-06 16:22","00:11",,,,"A few instances of decent movements. no pillow was used. "
"Diaper","2026-06-06 15:47",,"yellow",,,"Both, pee:large poo:large",
"Pump","2026-06-06 15:10","2026-06-06 15:30","00:20","117ml",,,
"Feed","2026-06-06 14:58",,,"Breast Milk","Bottle","130ml","Vitamin D"
"Diaper","2026-06-06 13:09",,"yellow",,,"Both, pee:medium poo:medium",
"Story time","2026-06-06 13:06",,,,,,
"Tummy time","2026-06-06 13:00","2026-06-06 13:08","00:08",,,,"excellent forward head lifts with no pillow support! "
"Feed","2026-06-06 12:02",,,"Breast Milk","Bottle","130ml",
"Pump","2026-06-06 11:54","2026-06-06 12:21","00:27","147ml",,,
"Diaper","2026-06-06 11:51",,,,,"Pee:medium",
"Diaper","2026-06-06 10:57",,,,,"Pee:small",
"Diaper","2026-06-06 10:07",,"yellow","Mucousy",,"Both, pee:medium poo:large",
"Feed","2026-06-06 09:38",,,"Breast Milk","Bottle","130ml",
"Pump","2026-06-06 08:34","2026-06-06 08:56","00:22","127ml",,,
"Diaper","2026-06-06 06:38",,"yellow",,,"Both, pee:large poo:large",
"Feed","2026-06-06 06:02",,,"Breast Milk","Bottle","130ml",
"Pump","2026-06-06 05:30","2026-06-06 05:55","00:25","199ml",,,
"Diaper","2026-06-05 23:34",,,,,"Pee:medium",
"Pump","2026-06-05 23:05","2026-06-05 23:29","00:24","163ml",,,
"Feed","2026-06-05 22:09",,,"Breast Milk","Bottle","130ml",
"Meds","2026-06-05 22:05",,,"0.3ml","Gas drops",,
"Diaper","2026-06-05 20:02",,,,,"Pee:small",
"Diaper","2026-06-05 19:55",,,,,"Pee:large",
"Pump","2026-06-05 19:26","2026-06-05 19:48","00:22","107ml",,,
"Feed","2026-06-05 18:16",,,"Breast Milk","Bottle","130ml",
"Feed","2026-06-05 18:01","2026-06-05 18:13","00:12",,"Breast","00:12L",
"Diaper","2026-06-05 17:58",,,,,"Pee:medium",
"Diaper","2026-06-05 17:01",,,,,"Pee:small",
"Tummy time","2026-06-05 16:46","2026-06-05 16:50","00:04",,,,"some good head movement. more time flat than lifting. "
"Tummy time","2026-06-05 16:30","2026-06-05 16:38","00:08",,,,"pretty good head movement. rolled back onto back on his own"
"Diaper","2026-06-05 16:00",,,,,"Pee:medium",
"Pump","2026-06-05 15:27","2026-06-05 15:52","00:25","148ml",,,
"Feed","2026-06-05 15:22",,,"Breast Milk","Bottle","130ml","Vitamin D"
"Diaper","2026-06-05 14:24",,,,,"Both",
"Diaper","2026-06-05 13:27",,"yellow",,,"Both, pee:large poo:medium",
"Feed","2026-06-05 11:58",,,"Breast Milk","Bottle","130ml",
"Pump","2026-06-05 11:51","2026-06-05 12:13","00:22","183ml",,,
"Diaper","2026-06-05 11:46",,,,,"Pee:large",
"Diaper","2026-06-05 09:37",,,,,"Pee:medium",
"Feed","2026-06-05 09:04",,,"Breast Milk","Bottle","130ml",
"Diaper","2026-06-05 07:30",,,,,"Pee:medium",
"Diaper","2026-06-05 06:45",,"yellow","Loose",,"Both, pee:large poo:large",
"Pump","2026-06-05 06:43","2026-06-05 07:04","00:21","101ml",,,
"Feed","2026-06-05 05:58",,,"Breast Milk","Bottle","130ml",
"Feed","2026-06-05 05:45","2026-06-05 05:57","00:12",,"Breast","00:12L",
"Feed","2026-06-05 05:28","2026-06-05 05:38","00:10",,"Breast","00:10L",
"Pump","2026-06-05 03:00","2026-06-05 03:20","00:20","149ml",,,
"Pump","2026-06-04 22:39","2026-06-04 22:59","00:20","136ml",,,
"Diaper","2026-06-04 22:23",,"yellow","Loose",,"Both, pee:medium poo:large",
"Feed","2026-06-04 21:11",,,"Breast Milk","Bottle","130ml",
"Meds","2026-06-04 21:10",,,"0.3ml","Gas drops",,
"Diaper","2026-06-04 20:33",,"yellow",,,"Both, pee:medium poo:medium",
"Diaper","2026-06-04 20:06",,,,,"Pee:small",
"Pump","2026-06-04 19:16","2026-06-04 19:36","00:20","115ml",,,
"Tummy time","2026-06-04 18:49","2026-06-04 18:54","00:05",,,,
"Feed","2026-06-04 18:10",,,"Breast Milk","Bottle","130ml",
"Diaper","2026-06-04 17:55",,,,,"Pee:medium",
"Tummy time","2026-06-04 16:49","2026-06-04 16:57","00:08",,,,
"Diaper","2026-06-04 16:48",,"yellow",,,"Both, pee:medium poo:large",
"Pump","2026-06-04 16:02","2026-06-04 16:22","00:20","131ml",,,
"Diaper","2026-06-04 15:59",,,,,"Pee:medium",
"Feed","2026-06-04 15:59",,,"Breast Milk","Bottle","130ml",
"Feed","2026-06-04 13:25",,,"Breast Milk","Bottle","130ml",
"Diaper","2026-06-04 13:20",,"yellow","Loose",,"Both, pee:medium poo:medium",
"Pump","2026-06-04 12:56","2026-06-04 13:16","00:20","103ml",,,
"Diaper","2026-06-04 11:30",,,,,"Pee:large","Very very big pee"
"Feed","2026-06-04 10:33",,,"Breast Milk","Bottle","130ml",
"Pump","2026-06-04 09:46","2026-06-04 10:08","00:22","98ml",,,
"Tummy time","2026-06-04 08:37","2026-06-04 08:38","00:01",,,,
"Diaper","2026-06-04 08:27",,,,,"Pee:large",
"Feed","2026-06-04 07:45",,,"Breast Milk","Bottle","130ml","Vitamin D"
"Pump","2026-06-04 07:08","2026-06-04 07:29","00:21","132ml",,,
"Diaper","2026-06-04 04:25",,"yellow",,,"Both, pee:large poo:large",
"Feed","2026-06-04 03:54",,,"Breast Milk","Bottle","130ml",
"Pump","2026-06-04 03:49","2026-06-04 04:10","00:21","156ml",,,
"Diaper","2026-06-03 23:13",,,,,"Both, pee:medium poo:medium",
"Pump","2026-06-03 22:55","2026-06-03 23:15","00:20","111ml",,,
"Feed","2026-06-03 20:34",,,"Breast Milk","Bottle","130ml",
"Meds","2026-06-03 20:30",,,"0.3ml","Gas drops",,
"Bath","2026-06-03 20:15",,,,,,
"Pump","2026-06-03 20:05","2026-06-03 20:25","00:20","104ml",,,
"Feed","2026-06-03 19:38","2026-06-03 19:49","00:11","00:03R","Breast","00:08L",
"Diaper","2026-06-03 18:53",,,,,"Pee:small",
"Sleep","2026-06-03 18:53","2026-06-03 19:35","00:41",,,,
"Tummy time","2026-06-03 18:34","2026-06-03 18:42","00:08",,,,
"Diaper","2026-06-03 18:09",,"yellow",,,"Both, pee:medium poo:medium",
"Feed","2026-06-03 17:41",,,"Breast Milk","Bottle","130ml",
"Pump","2026-06-03 16:33","2026-06-03 16:53","00:20","120ml",,,
"Tummy time","2026-06-03 16:01","2026-06-03 16:03","00:02",,,,
"Diaper","2026-06-03 15:35",,"yellow","Mucousy",,"Both, pee:large poo:medium",
"Feed","2026-06-03 15:10",,,"Breast Milk","Bottle","130ml",
"Pump","2026-06-03 13:31","2026-06-03 13:52","00:21","108ml",,,
"Tummy time","2026-06-03 12:38","2026-06-03 12:41","00:03",,,,
"Diaper","2026-06-03 12:30",,"yellow","Loose",,"Both, pee:large poo:small",
"Feed","2026-06-03 12:07",,,"Breast Milk","Bottle","125ml","Vitamin D"
"Feed","2026-06-03 10:57","2026-06-03 11:05","00:08",,"Breast","00:08L",
"Pump","2026-06-03 10:18","2026-06-03 10:38","00:20","105ml",,,
"Diaper","2026-06-03 09:10",,"yellow","Loose",,"Both, pee:large poo:large",
"Feed","2026-06-03 08:49",,,"Breast Milk","Bottle","130ml","Did not finish - left 5 or 10ml "
"Pump","2026-06-03 07:25","2026-06-03 07:45","00:20","133ml",,,
"Diaper","2026-06-03 06:20",,"yellow",,,"Both, pee:large poo:medium",
"Feed","2026-06-03 05:43",,,"Breast Milk","Bottle","130ml",
"Pump","2026-06-03 04:10","2026-06-03 04:30","00:20","152ml",,,
"Pump","2026-06-02 22:56","2026-06-02 23:16","00:20","110ml",,,
"Diaper","2026-06-02 22:23",,,,,"Both, pee:medium poo:medium",
"Meds","2026-06-02 21:43",,,"0.3ml","Gas drops",,
"Feed","2026-06-02 21:43",,,"Breast Milk","Bottle","130ml",
"Pump","2026-06-02 20:26","2026-06-02 20:46","00:20","107ml",,,
"Feed","2026-06-02 20:07","2026-06-02 20:21","00:13","00:04R","Breast","00:09L",
"Diaper","2026-06-02 20:04",,,,,"Pee:small",
"Tummy time","2026-06-02 19:39","2026-06-02 19:49","00:10",,,,
"Diaper","2026-06-02 19:11",,"yellow",,,"Both, pee:large poo:large",
"Feed","2026-06-02 18:42",,,"Breast Milk","Bottle","130ml",
"Tummy time","2026-06-02 16:42","2026-06-02 16:45","00:03",,,,
"Diaper","2026-06-02 16:39",,"yellow",,,"Both, pee:large poo:large",
"Tummy time","2026-06-02 16:25","2026-06-02 16:30","00:05",,,,
"Pump","2026-06-02 16:13","2026-06-02 16:28","00:15","127ml",,,
"Feed","2026-06-02 15:52","2026-06-02 15:57","00:05","00:05R","Breast",,
"Feed","2026-06-02 15:30",,,"Breast Milk","Bottle","125ml",
"Diaper","2026-06-02 15:15",,,"Loose",,"Both, pee:large poo:small",
"Tummy time","2026-06-02 13:45","2026-06-02 13:46","00:01",,,,
"Feed","2026-06-02 13:06","2026-06-02 13:11","00:05",,"Breast","00:05L",
"Feed","2026-06-02 12:43",,,"Breast Milk","Bottle","115ml","Vitamin D - \nAte in 15 min even with breaks"
"Diaper","2026-06-02 12:34",,"yellow","Loose",,"Both, pee:large poo:large",
"Pump","2026-06-02 12:08","2026-06-02 12:28","00:20","92ml",,,
"Feed","2026-06-02 11:23","2026-06-02 11:28","00:05",,"Breast","00:05L",
"Tummy time","2026-06-02 10:32","2026-06-02 10:33","00:01",,,,
"Diaper","2026-06-02 10:26",,"yellow","Loose",,"Both, pee:large poo:medium",
"Feed","2026-06-02 09:46",,,"Breast Milk","Bottle","125ml",
"Pump","2026-06-02 09:20","2026-06-02 09:40","00:20","148ml",,,
"Diaper","2026-06-02 06:40",,,,,"Pee:large",
"Feed","2026-06-02 06:08",,,"Breast Milk","Bottle","125ml",
"Pump","2026-06-02 05:35","2026-06-02 06:00","00:25","206ml",,,
"Diaper","2026-06-01 23:00",,,,,"Pee:medium",
"Pump","2026-06-01 22:52","2026-06-01 23:02","00:10","42ml",,,
"Feed","2026-06-01 22:19","2026-06-01 22:39","00:20","00:05R","Breast","00:15L",
"Diaper","2026-06-01 22:03",,"yellow","Loose",,"Both, pee:large poo:large","3rd blowout of the day 🥸"
"Feed","2026-06-01 21:37",,,"Breast Milk","Bottle","120ml",
"Meds","2026-06-01 21:36",,,"0.3ml","Gas drops",,
"Diaper","2026-06-01 19:46",,,,,"Pee:medium",
"Pump","2026-06-01 19:33","2026-06-01 19:53","00:20","123ml",,,
"Feed","2026-06-01 18:02",,,"Breast Milk","Bottle","120ml","Vitamin D"
"Diaper","2026-06-01 16:46",,,,,"Pee",
"Pump","2026-06-01 16:21","2026-06-01 16:41","00:20","127ml",,,
"Tummy time","2026-06-01 15:49","2026-06-01 15:51","00:02",,,,
"Diaper","2026-06-01 15:43",,"yellow","Loose",,"Both, pee:medium poo:large","Blow out again💀🫠"
"Feed","2026-06-01 15:11",,,"Breast Milk","Bottle","110ml",
"Diaper","2026-06-01 14:25",,,,,"Pee:medium","Skid mark"
"Feed","2026-06-01 13:38","2026-06-01 13:52","00:14",,"Breast","00:14L",
"Feed","2026-06-01 13:23","2026-06-01 13:31","00:08","00:08R","Breast",,
"Tummy time","2026-06-01 12:59","2026-06-01 13:01","00:02",,,,
"Diaper","2026-06-01 12:50",,"yellow","Loose",,"Both, pee:small poo:small",
"Feed","2026-06-01 12:12","2026-06-01 12:36","00:24","00:10R","Breast","00:14L",
"Diaper","2026-06-01 12:01",,,,,"Pee:large","Skid mark"
"Pump","2026-06-01 11:00","2026-06-01 11:21","00:21","145ml",,,
"Diaper","2026-06-01 10:10",,"yellow","Loose",,"Both, pee:large poo:medium","Blow out 💀🫠"
"Feed","2026-06-01 09:42",,,"Breast Milk","Bottle","120ml",
"Diaper","2026-06-01 07:11",,"yellow",,,"Both, pee:large poo:large",
"Pump","2026-06-01 06:57","2026-06-01 07:18","00:21","144ml",,,
"Feed","2026-06-01 06:38",,,"Breast Milk","Bottle","120ml",
"Diaper","2026-06-01 03:59",,,,,"Pee:large",
"Meds","2026-06-01 03:17",,,"0.3ml","Gas drops",,
"Feed","2026-06-01 03:17",,,"Breast Milk","Bottle","120ml",
"Pump","2026-06-01 03:15","2026-06-01 03:36","00:21","149ml",,,
"Pump","2026-05-31 22:52","2026-05-31 23:12","00:20","153ml",,,
"Diaper","2026-05-31 22:43",,,,,"Pee:medium",
"Feed","2026-05-31 22:02",,,"Breast Milk","Bottle","120ml",
"Meds","2026-05-31 22:00",,,"0.3ml","Gas drops",,
"Pump","2026-05-31 19:41","2026-05-31 20:01","00:20","120ml",,,
"Diaper","2026-05-31 19:26",,"yellow","Loose",,"Both, pee:medium poo:medium",
"Feed","2026-05-31 18:56",,,"Breast Milk","Bottle","120ml","Vitamin D"
"Diaper","2026-05-31 18:30",,"yellow","Loose",,"Both",
"Diaper","2026-05-31 16:55",,,,,"Pee:medium",
"Feed","2026-05-31 16:55","2026-05-31 17:18","00:22","00:15R","Breast","00:07L",
"Feed","2026-05-31 15:47","2026-05-31 15:56","00:09","00:09R","Breast",,
"Tummy time","2026-05-31 15:41","2026-05-31 15:44","00:03",,,,"No pillow. several good head movements. "
"Tummy time","2026-05-31 15:36","2026-05-31 15:40","00:04",,,,"good head up movements on pillow with arms under"
"Diaper","2026-05-31 15:31",,"yellow",,,"Poo:medium",
"Diaper","2026-05-31 15:02",,"yellow",,,"Both, poo:medium pee:medium",
"Feed","2026-05-31 14:57","2026-05-31 15:07","00:10",,"Breast","00:10L",
"Diaper","2026-05-31 13:52",,,,,"Pee:large",
"Feed","2026-05-31 13:12","2026-05-31 13:40","00:27","00:09R","Breast","00:17L",
"Tummy time","2026-05-31 11:52","2026-05-31 11:55","00:03",,,,
"Diaper","2026-05-31 11:24",,"yellow",,,"Both, poo:medium pee:small",
"Pump","2026-05-31 10:39","2026-05-31 11:00","00:21","120ml",,,
"Feed","2026-05-31 10:08",,,"Breast Milk","Bottle","120ml",
"Diaper","2026-05-31 09:57",,,,,"Pee:large",
"Diaper","2026-05-31 07:58",,,,,"Pee:large",
"Pump","2026-05-31 07:42","2026-05-31 08:02","00:20","171ml",,,
"Feed","2026-05-31 07:25",,,"Breast Milk","Bottle","120ml",
"Diaper","2026-05-31 03:12",,"yellow",,,"Both, poo:large pee:large",
"Pump","2026-05-31 02:46","2026-05-31 03:06","00:20","167ml",,,
"Feed","2026-05-31 02:45",,,"Breast Milk","Bottle","120ml",
"Pump","2026-05-30 22:01","2026-05-30 22:21","00:20","125ml",,,
"Diaper","2026-05-30 21:31",,"yellow",,,"Both, poo:small pee:medium",
"Meds","2026-05-30 20:55",,,"0.3ml","Gas drops",,
"Feed","2026-05-30 20:51",,,"Breast Milk","Bottle","120ml",
"Pump","2026-05-30 18:55","2026-05-30 19:16","00:21","141ml",,,
"Diaper","2026-05-30 18:41",,,,,"Pee:medium",
"Tummy time","2026-05-30 18:18","2026-05-30 18:21","00:03",,,,
"Feed","2026-05-30 17:42",,,"Breast Milk","Bottle","120ml",
"Pump","2026-05-30 15:26","2026-05-30 15:46","00:20","130ml",,,
"Feed","2026-05-30 14:30",,,"Breast Milk","Bottle","115ml",
"Bath","2026-05-30 14:15",,,,,,
"Diaper","2026-05-30 14:00",,,,,"Both, poo:medium pee:medium",
"Diaper","2026-05-30 12:14",,"yellow",,,"Both, poo:large pee:large",
"Pump","2026-05-30 12:07","2026-05-30 12:27","00:20","118ml",,,
"Feed","2026-05-30 11:47",,,"Breast Milk","Bottle","115ml","Vitamin D"
"Diaper","2026-05-30 10:16",,,,,"Pee:medium",
"Diaper","2026-05-30 09:18",,,,,"Pee:large",
"Pump","2026-05-30 09:11","2026-05-30 09:32","00:21","116ml",,,
"Feed","2026-05-30 09:09",,,"Breast Milk","Bottle","115ml",
"Pump","2026-05-30 05:59","2026-05-30 06:20","00:21","151ml",,,
"Diaper","2026-05-30 05:39",,,,,"Pee:large",
"Feed","2026-05-30 05:14",,,"Breast Milk","Bottle","115ml",
"Meds","2026-05-30 02:50",,,"0.3ml","Gas drops",,
"Diaper","2026-05-30 02:50",,,,,"Pee:large",
"Feed","2026-05-30 02:15",,,"Breast Milk","Bottle","115ml",
"Pump","2026-05-30 02:12","2026-05-30 02:32","00:20","148ml",,,
"Pump","2026-05-29 21:58","2026-05-29 22:19","00:21","128ml",,,
"Diaper","2026-05-29 21:14",,"yellow",,,"Both, pee:large poo:medium",
"Feed","2026-05-29 20:50",,,"Breast Milk","Bottle","115ml",
"Pump","2026-05-29 18:57","2026-05-29 19:17","00:20","101ml",,,
"Diaper","2026-05-29 18:27",,"yellow",,,"Both, pee:medium poo:medium",
"Feed","2026-05-29 18:00",,,"Breast Milk","Bottle","115ml",
"Feed","2026-05-29 17:50","2026-05-29 18:00","00:10",,"Breast","00:10L",
"Tummy time","2026-05-29 16:11","2026-05-29 16:12","00:01",,,,
"Pump","2026-05-29 16:09","2026-05-29 16:30","00:21","186ml",,,
"Diaper","2026-05-29 15:19",,"yellow","Loose",,"Both, pee:large poo:large","Blow out💀🫠"
"Feed","2026-05-29 15:01",,,"Breast Milk","Bottle","110ml","Vitamin D"
"Feed","2026-05-29 12:50","2026-05-29 13:05","00:15","00:04R","Breast","00:10L",
"Feed","2026-05-29 12:34","2026-05-29 12:44","00:09","00:09R","Breast",,
"Diaper","2026-05-29 12:23",,"yellow","Loose",,"Both, pee:large poo:small",
"Tummy time","2026-05-29 11:11","2026-05-29 11:13","00:02",,,,
"Diaper","2026-05-29 10:56",,"yellow","Loose",,"Both, pee:medium poo:small",
"Feed","2026-05-29 10:17",,,"Breast Milk","Bottle","110ml",
"Feed","2026-05-29 09:32","2026-05-29 09:42","00:10",,"Breast","00:10L",
"Diaper","2026-05-29 09:21",,,,,"Pee:large","Skid mark"
"Pump","2026-05-29 08:59","2026-05-29 09:19","00:20","121ml",,,
"Diaper","2026-05-29 08:03",,,,,"Pee:large","Skid mark"
"Feed","2026-05-29 07:22",,,"Breast Milk","Bottle","115ml",
"Pump","2026-05-29 05:32","2026-05-29 05:54","00:22","137ml",,,
"Diaper","2026-05-29 04:05",,,,,"Pee:large",
"Feed","2026-05-29 04:05",,,"Breast Milk","Bottle","115ml",
"Pump","2026-05-29 02:18","2026-05-29 02:39","00:21","156ml",,,
"Diaper","2026-05-28 21:58",,,,,"Both, pee:medium poo:medium",
"Pump","2026-05-28 21:56","2026-05-28 22:19","00:23","155ml",,,
"Meds","2026-05-28 21:30",,,"0.3ml","Gas drops",,
"Diaper","2026-05-28 21:21",,,,,"Both, pee:medium poo:small",
"Feed","2026-05-28 21:21",,,"Breast Milk","Bottle","115ml",
"Diaper","2026-05-28 18:35",,,,,"Both, pee:medium poo:medium",
"Feed","2026-05-28 18:06",,,"Breast Milk","Bottle","115ml",
"Diaper","2026-05-28 17:50",,,,,"Pee:large",
"Pump","2026-05-28 17:49","2026-05-28 18:09","00:20","138ml",,,
"Feed","2026-05-28 15:02",,,"Breast Milk","Bottle","110ml",
"Diaper","2026-05-28 14:51",,,,,"Pee:large",
"Pump","2026-05-28 13:54","2026-05-28 14:14","00:20","118ml",,,
"Feed","2026-05-28 13:19","2026-05-28 13:24","00:05",,"Breast","00:05L",
"Diaper","2026-05-28 12:35",,"yellow","Runny",,"Poo:large",
"Feed","2026-05-28 12:11",,,"Breast Milk","Bottle","115ml","Vitamin D"
"Diaper","2026-05-28 12:03",,,,,"Pee","Skid mark"
"Feed","2026-05-28 10:50","2026-05-28 10:55","00:05","00:03R","Breast","00:02L",
"Diaper","2026-05-28 10:25",,"yellow","Runny",,"Both, pee:large poo:large",
"Pump","2026-05-28 10:11","2026-05-28 10:26","00:15","114ml",,,
"Feed","2026-05-28 09:46","2026-05-28 09:49","00:02",,"Breast","00:02L",
"Feed","2026-05-28 09:09","2026-05-28 09:12","00:03",,"Breast","00:03L",
"Feed","2026-05-28 08:39",,,"Breast Milk","Bottle","115ml",
"Diaper","2026-05-28 08:26",,,,,"Pee:large","Skid mark"
"Pump","2026-05-28 06:37","2026-05-28 06:57","00:20","125ml",,,
"Diaper","2026-05-28 05:52",,,,,"Poo:small",
"Feed","2026-05-28 05:25",,,"Breast Milk","Bottle","115ml",
"Diaper","2026-05-28 05:14",,,,,"Pee:large",
"Pump","2026-05-28 04:24","2026-05-28 04:44","00:20","217ml",,,
"Diaper","2026-05-27 21:10",,,,,"Pee:medium",
"Pump","2026-05-27 21:06","2026-05-27 21:27","00:21","71ml",,,
"Feed","2026-05-27 20:34",,,"Breast Milk","Bottle","115ml",
"Meds","2026-05-27 20:30",,,"0.3ml","Gas drops",,
"Feed","2026-05-27 20:13","2026-05-27 20:26","00:13",,"Breast","00:13L",
"Pump","2026-05-27 18:45","2026-05-27 19:05","00:20","100ml",,,
"Diaper","2026-05-27 18:24",,"yellow",,,"Both, pee:small poo:large",
"Feed","2026-05-27 18:06",,,"Breast Milk","Bottle","115ml",
"Diaper","2026-05-27 18:00",,"yellow","Runny",,"Both, pee:medium poo:small",
"Pump","2026-05-27 16:20","2026-05-27 16:40","00:20","129ml",,,
"Tummy time","2026-05-27 16:18","2026-05-27 16:21","00:03",,,,
"Diaper","2026-05-27 16:00",,"yellow","Runny",,"Both, pee:medium poo:medium",
"Feed","2026-05-27 14:57",,,"Breast Milk","Bottle","115ml",
"Diaper","2026-05-27 14:45",,"yellow","Loose",,"Both, pee:large poo:small",
"Pump","2026-05-27 13:07","2026-05-27 13:28","00:21","118ml",,,
"Feed","2026-05-27 12:01",,,"Breast Milk","Bottle","105ml","Vitamin D"
"Feed","2026-05-27 11:15","2026-05-27 11:20","00:05","00:05R","Breast",,
"Feed","2026-05-27 10:51","2026-05-27 10:55","00:04","00:04R","Breast",,
"Feed","2026-05-27 10:33","2026-05-27 10:40","00:07",,"Breast","00:07L",
"Diaper","2026-05-27 10:22",,"yellow","Runny",,"Poo:large",
"Pump","2026-05-27 09:59","2026-05-27 10:19","00:20","162ml",,,
"Diaper","2026-05-27 09:20",,"yellow","Loose",,"Both, poo:small pee:medium",
"Feed","2026-05-27 08:50",,,"Breast Milk","Bottle","115ml",
"Diaper","2026-05-27 08:42",,"yellow","Loose",,"Both, poo:small pee:large",
"Diaper","2026-05-27 06:24",,"yellow",,,"Both, poo:medium pee:medium",
"Pump","2026-05-27 05:48","2026-05-27 06:08","00:20","148ml",,,
"Feed","2026-05-27 05:47",,,"Breast Milk","Bottle","115ml",
"Diaper","2026-05-27 02:23",,"yellow",,,"Poo:medium",
"Feed","2026-05-27 01:55",,,"Breast Milk","Bottle","115ml",
"Pump","2026-05-27 01:52","2026-05-27 02:12","00:20","170ml",,,
"Meds","2026-05-27 01:51",,,"0.3ml","Gas drops",,
"Diaper","2026-05-27 01:51",,,,,"Both, poo:small pee:small",
"Pump","2026-05-26 21:02","2026-05-26 21:17","00:15","62ml",,,
"Meds","2026-05-26 20:13",,,"0.3ml","Gas drops",,
"Feed","2026-05-26 20:13",,,"Breast Milk","Bottle","115ml",
"Pump","2026-05-26 19:40","2026-05-26 20:01","00:21","139ml",,,
"Diaper","2026-05-26 17:46",,"yellow","Runny",,"Both, poo:large pee:small",
"Feed","2026-05-26 17:08",,,"Breast Milk","Bottle","115ml",
"Diaper","2026-05-26 17:04",,"yellow","Loose",,"Both, poo:small pee:large",
"Pump","2026-05-26 16:04","2026-05-26 16:24","00:20","142ml",,,
"Tummy time","2026-05-26 15:32","2026-05-26 15:33","00:01",,,,
"Feed","2026-05-26 14:19",,,"Breast Milk","Bottle","115ml",
"Diaper","2026-05-26 14:07",,"yellow","Loose",,"Both, poo:small pee:large",
"Pump","2026-05-26 12:33","2026-05-26 12:54","00:21","118ml",,,
"Diaper","2026-05-26 12:00",,"yellow","Loose",,"Both, poo:large pee:large","Blow out💀🫠"
"Feed","2026-05-26 11:29",,,"Breast Milk","Bottle","115ml","Vitamin D"
"Diaper","2026-05-26 10:15",,"yellow","Runny",,"Both, poo:medium pee:large",
"Pump","2026-05-26 09:35","2026-05-26 09:55","00:20","160ml",,,
"Feed","2026-05-26 08:36",,,"Breast Milk","Bottle","115ml",
"Diaper","2026-05-26 08:25",,"yellow","Runny",,"Poo:medium",
"Diaper","2026-05-26 05:35",,"yellow","Loose",,"Both, poo:small pee:small",
"Pump","2026-05-26 05:25","2026-05-26 05:45","00:20","137ml",,,
"Feed","2026-05-26 05:15",,,"Breast Milk","Bottle","100ml",
"Diaper","2026-05-26 04:59",,,,,"Pee:medium",
"Diaper","2026-05-26 01:52",,"yellow",,,"Both, poo:medium pee:medium",
"Pump","2026-05-26 01:37","2026-05-26 01:57","00:20","138ml",,,
"Feed","2026-05-26 01:34",,,"Breast Milk","Bottle","120ml",
"Meds","2026-05-26 01:33",,,"0.3ml","Gas drops",,
"Pump","2026-05-25 21:51","2026-05-25 22:11","00:20","106ml",,,
"Diaper","2026-05-25 21:06",,,,,"Pee:small",
"Feed","2026-05-25 20:30",,,"Breast Milk","Bottle","120ml",
"Meds","2026-05-25 20:28",,,"0.3ml","Gas drops",,
"Diaper","2026-05-25 19:58",,"brown",,,"Both, poo:medium pee:medium",
"Pump","2026-05-25 19:08","2026-05-25 19:28","00:20","146ml",,,
"Tummy time","2026-05-25 18:09","2026-05-25 18:11","00:02",,,,
"Diaper","2026-05-25 17:57",,,,,"Pee:medium","Skid mark"
"Feed","2026-05-25 17:27",,,"Breast Milk","Bottle","120ml",
"Diaper","2026-05-25 16:09",,,,,"Pee:large",
"Pump","2026-05-25 15:30","2026-05-25 15:51","00:21","97ml",,,
"Feed","2026-05-25 14:34",,,"Breast Milk","Bottle","120ml",
"Feed","2026-05-25 14:16","2026-05-25 14:25","00:09",,"Breast","00:09L",
"Diaper","2026-05-25 14:09",,"yellow","Loose",,"Both, poo:small pee:medium",
"Diaper","2026-05-25 12:41",,"yellow",,,"Both",
"Pump","2026-05-25 12:30","2026-05-25 12:50","00:20","120ml",,,
"Feed","2026-05-25 12:12",,,"Breast Milk","Bottle","120ml","Vitamin D"
"Diaper","2026-05-25 10:15",,,,,"Pee:medium",
"Diaper","2026-05-25 09:38",,"yellow",,,"Both, poo:small pee:large",
"Pump","2026-05-25 09:19","2026-05-25 09:41","00:22","111ml",,,
"Feed","2026-05-25 09:15",,,"Breast Milk","Bottle","120ml",
"Diaper","2026-05-25 06:44",,"yellow","Loose",,"Both, poo:large pee:large",
"Pump","2026-05-25 06:28","2026-05-25 06:48","00:20","143ml",,,
"Feed","2026-05-25 06:24",,,"Breast Milk","Bottle","120ml",
"Diaper","2026-05-25 03:17",,,,,"Both, poo:large pee:large",
"Feed","2026-05-25 03:01",,,"Breast Milk","Bottle","115ml",
"Meds","2026-05-25 03:00",,,"0.3ml","Gas drops",,
"Pump","2026-05-25 02:54","2026-05-25 03:14","00:20","169ml",,,
"Meds","2026-05-24 22:15",,,"0.3ml","Gas drops",,
"Pump","2026-05-24 22:10","2026-05-24 22:33","00:23","145ml",,,
"Diaper","2026-05-24 22:08",,,,,"Pee:small",
"Feed","2026-05-24 22:01",,,"Breast Milk","Bottle","110ml",
"Feed","2026-05-24 21:35","2026-05-24 21:45","00:10","00:10R","Breast",,
"Tummy time","2026-05-24 19:48","2026-05-24 19:51","00:03",,,,
"Feed","2026-05-24 19:07",,,"Breast Milk","Bottle","120ml",
"Diaper","2026-05-24 18:41",,,,,"Both, poo:small pee:small",
"Pump","2026-05-24 17:58","2026-05-24 18:20","00:22","153ml",,,
"Diaper","2026-05-24 16:43",,"yellow","Loose",,"Poo:large",
"Feed","2026-05-24 16:30",,,"Breast Milk","Bottle","120ml",
"Diaper","2026-05-24 16:27",,"yellow","Loose",,"Both, poo:large pee:large",
"Pump","2026-05-24 14:32","2026-05-24 14:52","00:20","155ml",,,
"Feed","2026-05-24 13:32",,,"Breast Milk","Bottle","115ml","Vitamin D"
"Diaper","2026-05-24 11:48",,,,,"Pee:small",
"Diaper","2026-05-24 11:45",,,,,"Pee:medium",
"Pump","2026-05-24 10:29","2026-05-24 10:49","00:20","129ml",,,
"Feed","2026-05-24 10:28",,,"Breast Milk","Bottle","115ml",
"Diaper","2026-05-24 10:20",,,,,"Both, pee:medium poo:small",
"Feed","2026-05-24 07:23",,,"Breast Milk","Bottle","115ml",
"Diaper","2026-05-24 07:22",,,,,"Both, pee:large poo:small",
"Pump","2026-05-24 07:19","2026-05-24 07:39","00:20","160ml",,,
"Diaper","2026-05-24 03:47",,,,,"Pee:medium",
"Feed","2026-05-24 03:09",,,"Breast Milk","Bottle","115ml",
"Meds","2026-05-24 03:06",,,"0.3ml","Gas drops",,
"Pump","2026-05-24 03:04","2026-05-24 03:25","00:21","164ml",,,
"Diaper","2026-05-23 22:00",,"yellow","Loose",,"Both, pee:medium poo:large",
"Pump","2026-05-23 21:40","2026-05-23 22:00","00:20","93ml",,,
"Feed","2026-05-23 21:31",,,"Breast Milk","Bottle","115ml",
"Meds","2026-05-23 21:28",,,"0.3ml","Gas drops",,
"Pump","2026-05-23 19:15","2026-05-23 19:36","00:21","127ml",,,
"Bath","2026-05-23 19:05",,,,,,
"Diaper","2026-05-23 19:00",,,,,"Pee:small",
"Feed","2026-05-23 18:18",,,"Breast Milk","Bottle","115ml",
"Diaper","2026-05-23 17:20",,,,,"Pee:small",
"Diaper","2026-05-23 17:16",,,,,"Pee:medium",
"Tummy time","2026-05-23 16:45","2026-05-23 16:47","00:02",,,,
"Pump","2026-05-23 15:54","2026-05-23 16:15","00:21","110ml",,,
"Feed","2026-05-23 15:40",,,"Breast Milk","Bottle","115ml",
"Diaper","2026-05-23 15:35",,,,,"Both, pee:medium poo:medium",
"Pump","2026-05-23 13:10","2026-05-23 13:31","00:21","104ml",,,
"Feed","2026-05-23 12:20",,,"Breast Milk","Bottle","115ml","Vitamin D"
"Diaper","2026-05-23 10:24",,"yellow",,,"Both, pee:medium poo:medium",
"Pump","2026-05-23 09:56","2026-05-23 10:16","00:20","134ml",,,
"Feed","2026-05-23 09:31",,,"Breast Milk","Bottle","115ml",
"Meds","2026-05-23 06:55",,,"4drops","Saline drops",,"2 per nostril"
"Diaper","2026-05-23 06:50",,"yellow",,,"Both, pee:large poo:medium",
"Pump","2026-05-23 06:21","2026-05-23 06:41","00:20","147ml",,,
"Feed","2026-05-23 06:17",,,"Breast Milk","Bottle","115ml",
"Diaper","2026-05-23 02:36",,,,,"Pee:medium",
"Pump","2026-05-23 02:11","2026-05-23 02:31","00:20","148ml",,,
"Meds","2026-05-23 02:07",,,"0.3ml","Gas drops",,
"Feed","2026-05-23 02:07",,,"Breast Milk","Bottle","115ml",
"Diaper","2026-05-22 22:21",,,,,"Pee:medium",
"Pump","2026-05-22 21:52","2026-05-22 22:12","00:20","136ml",,,
"Feed","2026-05-22 21:37",,,"Breast Milk","Bottle","105ml","Did not finish full bottle"
"Meds","2026-05-22 21:31",,,"0.3ml","Gas drops",,
"Feed","2026-05-22 21:18","2026-05-22 21:30","00:12","00:05R","Breast","00:07L",
"Diaper","2026-05-22 21:00",,,,,"Pee:medium",
"Tummy time","2026-05-22 20:01",,,,,,
"Feed","2026-05-22 19:04",,,"Breast Milk","Bottle","115ml",
"Pump","2026-05-22 17:41","2026-05-22 18:01","00:20","111ml",,,
"Diaper","2026-05-22 16:30",,"yellow","Loose",,"Both, pee:large poo:large",
"Feed","2026-05-22 15:55",,,"Breast Milk","Bottle","115ml",
"Pump","2026-05-22 14:28","2026-05-22 14:48","00:20","125ml",,,
"Feed","2026-05-22 13:47","2026-05-22 13:53","00:06","00:06R","Breast",,
"Diaper","2026-05-22 13:17",,"yellow","Loose",,"Both, pee:medium poo:large",
"Feed","2026-05-22 12:50",,,"Breast Milk","Bottle","115ml","Vitamin D"
"Pump","2026-05-22 11:04","2026-05-22 11:30","00:26","152ml",,,
"Diaper","2026-05-22 10:50",,,,,"Pee:medium","Skid mark🚗"
"Feed","2026-05-22 09:46",,,"Breast Milk","Bottle","110ml",
"Diaper","2026-05-22 09:43",,"yellow","Loose",,"Both, pee:large poo:large",
"Feed","2026-05-22 08:24","2026-05-22 08:30","00:06",,"Breast","00:06L",
"Feed","2026-05-22 08:01","2026-05-22 08:10","00:09",,"Breast","00:09L",
"Diaper","2026-05-22 07:53",,"yellow","Loose",,"Both, pee:large poo:small",
"Feed","2026-05-22 05:58",,,"Breast Milk","Bottle","115ml",
"Diaper","2026-05-22 05:55",,"yellow",,,"Both, pee:medium poo:large",
"Pump","2026-05-22 05:27","2026-05-22 05:48","00:21","130ml",,,
"Meds","2026-05-22 03:39",,,"0.3ml","Gas drops",,
"Diaper","2026-05-22 03:36",,,,,"Pee:large",
"Feed","2026-05-22 02:57",,,"Breast Milk","Bottle","115ml",
"Pump","2026-05-22 02:13","2026-05-22 02:39","00:26","237ml",,,
"Diaper","2026-05-21 20:56",,"yellow","Loose",,"Both, pee:medium poo:large",
"Meds","2026-05-21 20:19",,,"0.3ml","Gas drops",,
"Feed","2026-05-21 20:16",,,"Breast Milk","Bottle","115ml",
"Pump","2026-05-21 19:19","2026-05-21 19:39","00:20","110ml",,,
"Diaper","2026-05-21 19:09",,"yellow",,,"Both, pee:medium",
"Meds","2026-05-21 17:42",,,"0.3ml","Gas drops",,
"Feed","2026-05-21 17:42",,,"Breast Milk","Bottle","110ml",
"Diaper","2026-05-21 17:20",,,,,"Pee",
"Pump","2026-05-21 16:10","2026-05-21 16:30","00:20","96ml",,,
"Diaper","2026-05-21 15:54",,"yellow",,,"Both, pee:large poo:medium",
"Feed","2026-05-21 15:11",,,"Breast Milk","Bottle","110ml",
"Feed","2026-05-21 14:23","2026-05-21 14:29","00:06",,"Breast","00:06L",
"Pump","2026-05-21 13:48","2026-05-21 14:08","00:20","139ml",,,
"Diaper","2026-05-21 13:07",,"yellow","Loose",,"Both, pee:medium poo:large",
"Feed","2026-05-21 12:11",,,"Breast Milk","Bottle","110ml","Vitamin D"
"Diaper","2026-05-21 11:50",,"yellow","Loose",,"Both, pee:large poo:small",
"Pump","2026-05-21 09:57","2026-05-21 10:17","00:20","108ml",,,
"Feed","2026-05-21 09:00",,,"Breast Milk","Bottle","110ml",
"Diaper","2026-05-21 08:40",,"yellow","Runny",,"Both, pee:large poo:large",
"Pump","2026-05-21 07:00","2026-05-21 07:21","00:21","174ml",,,
"Diaper","2026-05-21 06:33",,,,,"Pee:large",
"Feed","2026-05-21 05:52",,,"Breast Milk","Bottle","110ml",
"Meds","2026-05-21 05:41",,,"4drops","Saline drops",,"2 in each nostril "
"Diaper","2026-05-21 03:15",,,,,"Pee:small",
"Feed","2026-05-21 02:40",,,"Breast Milk","Bottle","115ml",
"Pump","2026-05-21 02:33","2026-05-21 02:55","00:22","226ml",,,
"Diaper","2026-05-20 21:16",,"yellow",,,"Both, pee:small poo:medium",
"Diaper","2026-05-20 21:02",,,,,"Pee:medium",
"Pump","2026-05-20 20:15","2026-05-20 20:30","00:15","53ml",,,
"Feed","2026-05-20 20:01",,,"Breast Milk","Bottle","100ml",
"Meds","2026-05-20 19:57",,,"0.3ml","Gas drops",,
"Feed","2026-05-20 19:43","2026-05-20 19:47","00:04","00:04R","Breast",,
"Feed","2026-05-20 19:30","2026-05-20 19:38","00:07",,"Breast","00:07L",
"Diaper","2026-05-20 19:25",,,,,"Pee",
"Pump","2026-05-20 17:53","2026-05-20 18:18","00:25","123ml",,,
"Feed","2026-05-20 17:28",,,"Breast Milk","Bottle","115ml",
"Meds","2026-05-20 17:21",,,"0.3ml","Gas drops",,
"Diaper","2026-05-20 16:03",,,,,"Pee:small",
"Diaper","2026-05-20 14:59",,"yellow",,,"Both, pee:medium poo:large",
"Pump","2026-05-20 14:52","2026-05-20 15:12","00:20","120ml",,,
"Feed","2026-05-20 14:47",,,"Breast Milk","Bottle","110ml",
"Diaper","2026-05-20 13:37",,"yellow",,,"Both, pee:large poo:small",
"Diaper","2026-05-20 12:15",,"yellow",,,"Both, pee:medium poo:medium",
"Pump","2026-05-20 11:46","2026-05-20 12:06","00:20","111ml",,,
"Feed","2026-05-20 11:39",,,"Breast Milk","Bottle","110ml","Vitamin D"
"Diaper","2026-05-20 10:35",,,,,"Pee:large",
"Meds","2026-05-20 10:00",,,"0.3ml","Gas drops",,
"Diaper","2026-05-20 09:15",,,,,"Pee:medium",
"Pump","2026-05-20 08:36","2026-05-20 08:56","00:20","120ml",,,
"Feed","2026-05-20 08:30",,,"Breast Milk","Bottle","110ml",
"Diaper","2026-05-20 06:09",,"yellow","Loose",,"Both, pee:large poo:large",
"Pump","2026-05-20 05:45","2026-05-20 06:05","00:20","153ml",,,
"Feed","2026-05-20 05:39",,,"Breast Milk","Bottle","110ml",
"Diaper","2026-05-20 02:11",,"yellow",,,"Both, pee:small poo:medium",
"Diaper","2026-05-20 01:41",,,,,"Pee:large",
"Pump","2026-05-20 01:26","2026-05-20 01:46","00:20","147ml",,,
"Feed","2026-05-20 01:25",,,"Breast Milk","Bottle","110ml",
"Diaper","2026-05-19 21:57",,,,,"Pee:large",
"Pump","2026-05-19 21:13","2026-05-19 21:33","00:20","110ml",,,
"Feed","2026-05-19 20:58",,,"Breast Milk","Bottle","110ml",
"Meds","2026-05-19 20:56",,,"0.3ml","Gas drops",,
"Pump","2026-05-19 18:26","2026-05-19 18:46","00:20","120ml",,,
"Feed","2026-05-19 18:10",,,"Breast Milk","Bottle","110ml",
"Diaper","2026-05-19 16:26",,"yellow",,,"Both, pee:medium poo:large",
"Pump","2026-05-19 15:20","2026-05-19 15:42","00:22","115ml",,,
"Diaper","2026-05-19 15:05",,"yellow","Loose",,"Both, pee:small poo:medium",
"Feed","2026-05-19 15:03",,,"Breast Milk","Bottle","110ml",
"Diaper","2026-05-19 12:28",,"yellow",,,"Both, pee:medium poo:medium",
"Pump","2026-05-19 12:27","2026-05-19 12:47","00:20","122ml",,,
"Feed","2026-05-19 12:06",,,"Breast Milk","Bottle","110ml","Vitamin D"
"Diaper","2026-05-19 10:50",,"yellow",,,"Both, pee:medium poo:large",
"Bath","2026-05-19 09:53",,,,,,
"Diaper","2026-05-19 09:48",,"yellow",,,"Both, pee:medium poo:small",
"Pump","2026-05-19 09:28","2026-05-19 09:48","00:20","129ml",,,
"Feed","2026-05-19 09:05",,,"Breast Milk","Bottle","105ml",
"Meds","2026-05-19 08:40",,,"4drops","Saline drops",,"2 per nostril"
"Diaper","2026-05-19 06:48",,,,,"Pee:large",
"Pump","2026-05-19 06:21","2026-05-19 06:43","00:22","142ml",,,
"Feed","2026-05-19 06:00",,,"Breast Milk","Bottle","115ml",
"Diaper","2026-05-19 03:20",,"yellow",,,"Both, pee:large poo:medium",
"Pump","2026-05-19 02:39","2026-05-19 03:00","00:21","157ml",,,
"Feed","2026-05-19 02:34",,,"Breast Milk","Bottle","115ml",
"Diaper","2026-05-18 22:42",,"yellow",,,"Poo:small",
"Diaper","2026-05-18 22:35",,,,,"Pee:small",
"Pump","2026-05-18 21:19","2026-05-18 21:40","00:21","96ml",,,
"Diaper","2026-05-18 21:15",,"yellow","Loose",,"Both, pee:small poo:medium","Blow out💀"
"Feed","2026-05-18 20:53",,,"Breast Milk","Bottle","115ml",
"Meds","2026-05-18 20:50",,,"0.3ml","Gas drops",,
"Pump","2026-05-18 18:48","2026-05-18 19:08","00:20","130ml",,,
"Diaper","2026-05-18 18:37",,,,,"Pee:medium",
"Feed","2026-05-18 17:45",,,"Breast Milk","Bottle","115ml",
"Diaper","2026-05-18 17:34",,,,,"Both, pee:medium poo:small",
"Diaper","2026-05-18 15:56",,"yellow",,,"Both, pee:medium poo:medium",
"Pump","2026-05-18 15:11","2026-05-18 15:31","00:20","77ml",,,
"Feed","2026-05-18 15:07",,,"Breast Milk","Bottle","115ml","Bubs says 115 but closer to 120ml"
"Meds","2026-05-18 15:00",,,"0.3ml","Gas drops",,
"Feed","2026-05-18 14:34","2026-05-18 14:43","00:09",,"Breast","00:09L",
"Feed","2026-05-18 14:21","2026-05-18 14:24","00:03",,"Breast","00:03L",
"Diaper","2026-05-18 13:55",,,,,"Pee:large",
"Diaper","2026-05-18 12:53",,"yellow",,,"Both, pee:large poo:large",
"Pump","2026-05-18 12:20","2026-05-18 12:40","00:20","116ml",,,
"Feed","2026-05-18 12:17",,,"Breast Milk","Bottle","110ml",
"Diaper","2026-05-18 09:26",,"yellow",,,"Both, pee:large poo:large",
"Pump","2026-05-18 09:19","2026-05-18 09:39","00:20","144ml",,,
"Feed","2026-05-18 09:11",,,"Breast Milk","Bottle","110ml",
"Pump","2026-05-18 05:28","2026-05-18 05:48","00:20","116ml",,,
"Diaper","2026-05-18 05:26",,,,,"Pee:medium",
"Feed","2026-05-18 05:24",,,"Breast Milk","Bottle","110ml",
"Meds","2026-05-18 03:01",,,"0.3ml","Gas drops",,
"Diaper","2026-05-18 03:01",,,,,"Both, pee:medium poo:small",
"Pump","2026-05-18 02:27","2026-05-18 02:47","00:20","150ml",,,
"Feed","2026-05-18 02:19",,,"Breast Milk","Bottle","110ml",
"Meds","2026-05-17 22:37",,,"0.3ml","Gas drops",,
"Diaper","2026-05-17 22:15",,,,,"Pee:large",
"Pump","2026-05-17 21:49","2026-05-17 22:09","00:20","115ml",,,
"Feed","2026-05-17 21:39",,,"Breast Milk","Bottle","110ml","Vitamin D"
"Diaper","2026-05-17 19:53",,"yellow",,,"Both, pee:medium poo:large",
"Feed","2026-05-17 18:54",,,"Breast Milk","Bottle","105ml",
"Meds","2026-05-17 18:50",,,"0.3ml","Gas drops",,
"Pump","2026-05-17 18:45","2026-05-17 19:05","00:20","129ml",,,
"Diaper","2026-05-17 18:40",,"yellow","Loose",,"Both, pee:medium poo:medium",
"Feed","2026-05-17 16:56",,,"Breast Milk","Bottle","100ml","Took about 28 min to eat with constant sucking. "
"Diaper","2026-05-17 16:44",,,,,"Both, pee:medium poo:small",
"Pump","2026-05-17 15:30","2026-05-17 15:45","00:15","72ml",,,
"Diaper","2026-05-17 15:25",,"yellow",,,"Both, pee:large poo:medium",
"Feed","2026-05-17 15:02",,,"Breast Milk","Bottle","60ml",
"Feed","2026-05-17 14:36","2026-05-17 14:48","00:11","00:01R","Breast","00:09L",
"Feed","2026-05-17 14:32","2026-05-17 14:35","00:03","00:03R","Breast",,
"Diaper","2026-05-17 13:50",,,,,"Pee:medium",
"Diaper","2026-05-17 12:31",,"yellow","Loose",,"Both, pee:medium poo:large",
"Pump","2026-05-17 12:24","2026-05-17 12:45","00:21","129ml",,,
"Feed","2026-05-17 12:15",,,"Breast Milk","Bottle","110ml",
"Diaper","2026-05-17 12:10",,"yellow","Loose",,"Both, pee:small poo:medium",
"Pump","2026-05-17 08:57","2026-05-17 09:17","00:20","120ml",,,
"Diaper","2026-05-17 08:52",,"yellow",,,"Both, pee:small poo:large",
"Feed","2026-05-17 08:52",,,"Breast Milk","Bottle","110ml",
"Diaper","2026-05-17 05:37",,"yellow",,,"Poo:medium",
"Diaper","2026-05-17 05:35",,"yellow",,,"Both, pee:medium poo:small",
"Feed","2026-05-17 05:30",,,"Breast Milk","Bottle","110ml",
"Pump","2026-05-17 05:28","2026-05-17 05:48","00:20","125ml",,,
"Diaper","2026-05-17 02:15",,,,,"Pee:medium",
"Pump","2026-05-17 01:59","2026-05-17 02:19","00:20","157ml",,,
"Feed","2026-05-17 01:56",,,"Breast Milk","Bottle","110ml",
"Diaper","2026-05-16 22:40",,"yellow","Loose",,"Both, pee:medium poo:medium",
"Feed","2026-05-16 22:03",,,"Breast Milk","Bottle","110ml",
"Diaper","2026-05-16 20:57",,"yellow",,,"Both, pee:medium poo:small",
"Pump","2026-05-16 20:55","2026-05-16 21:15","00:20","107ml",,,
"Feed","2026-05-16 19:38",,,"Breast Milk","Bottle","105ml",
"Diaper","2026-05-16 18:38",,"yellow","Runny",,"Both, pee:medium poo:medium",
"Pump","2026-05-16 18:01","2026-05-16 18:23","00:22","163ml",,,
"Diaper","2026-05-16 17:55",,"yellow","Loose",,"Both, pee:small poo:small",
"Diaper","2026-05-16 17:27",,"yellow","Loose",,"Both, pee:large poo:medium","Blow out the side💀"
"Feed","2026-05-16 16:57",,,"Breast Milk","Bottle","105ml","Vitamin D"
"Diaper","2026-05-16 15:17",,"yellow","Loose",,"Both, pee:small poo:large",
"Pump","2026-05-16 13:40","2026-05-16 14:00","00:20","74ml",,,
"Feed","2026-05-16 13:34",,,"Breast Milk","Bottle","100ml",
"Diaper","2026-05-16 13:18",,,,,"Pee:medium",
"Sleep","2026-05-16 12:57","2026-05-16 13:13","00:16",,,,
"Feed","2026-05-16 12:13","2026-05-16 12:32","00:18","00:09R","Breast","00:09L",
"Diaper","2026-05-16 12:09",,"yellow","Runny",,"Both, pee:large poo:small",
"Pump","2026-05-16 11:02","2026-05-16 11:22","00:20","104ml",,,
"Sleep","2026-05-16 10:50","2026-05-16 11:41","00:51",,,,
"Feed","2026-05-16 10:16",,,"Breast Milk","Bottle","105ml",
"Diaper","2026-05-16 10:14",,,,,"Pee:medium",
"Sleep","2026-05-16 09:08","2026-05-16 09:52","00:43",,,,
"Diaper","2026-05-16 08:40",,"yellow","Loose",,"Both, pee:small poo:large",
"Pump","2026-05-16 08:12","2026-05-16 08:33","00:21","126ml",,,
"Feed","2026-05-16 08:09",,,"Breast Milk","Bottle","105ml",
"Diaper","2026-05-16 04:59",,"yellow","Loose",,"Both, pee:medium poo:medium",
"Pump","2026-05-16 04:40","2026-05-16 05:00","00:20","126ml",,,
"Feed","2026-05-16 04:35",,,"Breast Milk","Bottle","105ml",
"Meds","2026-05-16 01:20",,,"0.3ml","Gas drops",,
"Diaper","2026-05-16 01:15",,"yellow","Loose",,"Both, pee:small poo:medium",
"Pump","2026-05-16 00:50","2026-05-16 01:11","00:21","103ml",,,
"Feed","2026-05-16 00:47",,,"Breast Milk","Bottle","105ml",
"Pump","2026-05-15 21:54","2026-05-15 22:14","00:20","94ml",,,
"Diaper","2026-05-15 20:26",,,,,"Pee:medium",
"Feed","2026-05-15 20:05","2026-05-15 20:25","00:20","00:05R","Breast","00:14L",
"Diaper","2026-05-15 20:04",,,,,"Pee:small",
"Feed","2026-05-15 18:47",,,"Breast Milk","Bottle","100ml","Vitamin D"
"Pump","2026-05-15 18:20","2026-05-15 18:40","00:20","115ml",,,
"Diaper","2026-05-15 18:15",,,,,"Pee:large",
"Sleep","2026-05-15 17:49","2026-05-15 18:10","00:20",,,,
"Tummy time","2026-05-15 16:58",,,,,,
"Diaper","2026-05-15 16:58",,"yellow","Runny",,"Both, pee:large poo:large",
"Feed","2026-05-15 16:15",,,"Breast Milk","Bottle","105ml",
"Pump","2026-05-15 14:53","2026-05-15 15:13","00:20","97ml",,,
"Sleep","2026-05-15 13:53","2026-05-15 16:16","02:22",,,,
"Feed","2026-05-15 13:37","2026-05-15 13:42","00:05","00:05R","Breast",,
"Diaper","2026-05-15 13:19",,,,,"Pee:large",
"Diaper","2026-05-15 13:19",,"yellow","Runny",,"Both, pee:medium poo:large",
"Feed","2026-05-15 13:17",,,"Breast Milk","Bottle","95ml",
"Meds","2026-05-15 12:55",,,"0.3ml","Gas drops",,
"Sleep","2026-05-15 11:51","2026-05-15 12:55","01:03",,,,
"Pump","2026-05-15 11:46","2026-05-15 12:06","00:20","123ml",,,
"Diaper","2026-05-15 11:10",,"yellow","Loose",,"Both, pee:large poo:large","Blow out 💀"
"Feed","2026-05-15 10:47",,,"Breast Milk","Bottle","105ml",
"Diaper","2026-05-15 09:00",,"yellow","Loose",,"Both, pee:large poo:large","Leak out"
"Pump","2026-05-15 08:41","2026-05-15 09:01","00:20","117ml",,,
"Feed","2026-05-15 08:32",,,"Breast Milk","Bottle","105ml",
"Diaper","2026-05-15 06:06",,,,,"Pee:large",
"Pump","2026-05-15 05:28","2026-05-15 05:49","00:21","135ml",,,
"Feed","2026-05-15 05:27",,,"Breast Milk","Bottle","105ml",
"Pump","2026-05-15 01:19","2026-05-15 01:39","00:20","119ml",,,
"Feed","2026-05-15 01:08",,,"Breast Milk","Bottle","105ml",
"Diaper","2026-05-15 01:00",,"yellow","Loose",,"Both, pee:medium poo:small",
"Pump","2026-05-14 21:48","2026-05-14 22:09","00:21","108ml",,,
"Bath","2026-05-14 20:30",,,,,,
"Feed","2026-05-14 19:44",,,"Breast Milk","Bottle","105ml",
"Feed","2026-05-14 19:40","2026-05-14 19:44","00:04",,"Breast","00:04L",
"Diaper","2026-05-14 19:33",,"yellow","Loose",,"Both, pee:large poo:large",
"Pump","2026-05-14 18:21","2026-05-14 18:41","00:20","94ml",,,
"Diaper","2026-05-14 18:10",,"yellow","Loose",,"Both, pee:medium poo:medium",
"Feed","2026-05-14 17:28",,,"Breast Milk","Bottle","105ml","Vitamin D"
"Diaper","2026-05-14 17:17",,,,,"Pee:large",
"Sleep","2026-05-14 16:12","2026-05-14 17:12","00:59",,,,
"Pump","2026-05-14 15:56","2026-05-14 16:17","00:21","120ml",,,
"Feed","2026-05-14 14:55",,,"Breast Milk","Bottle","105ml",
"Diaper","2026-05-14 14:50",,"yellow","Loose",,"Both, pee:small poo:medium",
"Pump","2026-05-14 12:45","2026-05-14 13:06","00:21","120ml",,,
"Sleep","2026-05-14 12:40","2026-05-14 14:49","02:08",,,,
"Feed","2026-05-14 12:01",,,"Breast Milk","Bottle","105ml",
"Growth","2026-05-14 11:00",,,"8.56lbs.oz","1.78ft.in",,
"Diaper","2026-05-14 10:20",,"yellow","Loose",,"Both, pee:small poo:large",
"Diaper","2026-05-14 09:57",,,,,"Pee:medium",
"Pump","2026-05-14 09:20","2026-05-14 09:40","00:20","141ml",,,
"Feed","2026-05-14 09:19",,,"Breast Milk","Bottle","50ml",
"Feed","2026-05-14 08:02",,,"Breast Milk","Bottle","95ml",
"Diaper","2026-05-14 07:25",,,,,"Pee:large",
"Diaper","2026-05-14 05:37",,,,,"Pee:large",
"Pump","2026-05-14 05:13","2026-05-14 05:33","00:20","130ml",,,
"Feed","2026-05-14 05:08",,,"Breast Milk","Bottle","105ml",
"Diaper","2026-05-14 02:00",,"yellow","Loose",,"Both, pee:large poo:large",
"Pump","2026-05-14 01:19","2026-05-14 01:39","00:20","110ml",,,
"Feed","2026-05-14 01:14",,,"Breast Milk","Bottle","105ml",
"Diaper","2026-05-13 23:01",,,,,"Pee:medium",
"Pump","2026-05-13 22:07","2026-05-13 22:28","00:21","110ml",,,
"Feed","2026-05-13 21:33",,,"Breast Milk","Bottle","105ml","Vitamin D"
"Pump","2026-05-13 19:16","2026-05-13 19:37","00:21","130ml",,,
"Diaper","2026-05-13 18:56",,"yellow","Loose",,"Both, pee:small poo:medium",
"Feed","2026-05-13 18:16",,,"Breast Milk","Bottle","105ml",
"Diaper","2026-05-13 18:07",,,,,"Pee:medium",
"Diaper","2026-05-13 17:06",,"yellow","Runny",,"Both, pee:medium poo:large",
"Pump","2026-05-13 15:20","2026-05-13 15:40","00:20","91ml",,,
"Feed","2026-05-13 15:16",,,"Breast Milk","Bottle","105ml",
"Diaper","2026-05-13 13:26",,"yellow","Loose",,"Both, pee:medium poo:small",
"Pump","2026-05-13 12:43","2026-05-13 13:03","00:20","117ml",,,
"Feed","2026-05-13 12:38",,,"Breast Milk","Bottle","105ml",
"Diaper","2026-05-13 10:56",,,,,"Pee:small",
"Diaper","2026-05-13 10:34",,,,,"Both, pee:small poo:large","Blow out"
"Feed","2026-05-13 09:30",,,"Breast Milk","Bottle","110ml",
"Pump","2026-05-13 09:27","2026-05-13 09:48","00:21","117ml",,,
"Diaper","2026-05-13 06:58",,"yellow","Runny",,"Both, pee:medium poo:small",
"Feed","2026-05-13 06:13",,,"Breast Milk","Bottle","115ml",
"Pump","2026-05-13 06:11","2026-05-13 06:31","00:20","121ml",,,
"Diaper","2026-05-13 03:15",,,,,"Pee:medium",
"Feed","2026-05-13 02:39",,,"Breast Milk","Bottle","110ml",
"Pump","2026-05-13 02:15","2026-05-13 02:45","00:30","212ml",,,
"Diaper","2026-05-12 22:10",,,,,"Pee:small",
"Diaper","2026-05-12 21:41",,"yellow","Runny",,"Both, pee:medium poo:small",
"Feed","2026-05-12 20:55",,,"Breast Milk","Bottle","108ml","Vitamin D"
"Sleep","2026-05-12 19:36","2026-05-12 20:50","01:13",,,,
"Pump","2026-05-12 19:25","2026-05-12 20:05","00:40","152ml",,,"Power pump session"
"Tummy time","2026-05-12 18:30","2026-05-12 19:00","00:30",,,,
"Diaper","2026-05-12 18:00",,"yellow","Runny",,"Both, pee:medium poo:medium",
"Feed","2026-05-12 17:55",,,"Breast Milk","Bottle","101ml",
"Sleep","2026-05-12 17:07","2026-05-12 17:56","00:48","Upset","Worn or held","Upset, woke up child",
"Pump","2026-05-12 16:09","2026-05-12 16:29","00:20","122ml",,,
"Diaper","2026-05-12 15:24",,"yellow","Runny",,"Both, pee:small poo:medium","Blow out💀"
"Feed","2026-05-12 14:48",,,"Breast Milk","Bottle","110ml",
"Diaper","2026-05-12 13:37",,"yellow","Loose",,"Both, pee:small poo:small",
"Sleep","2026-05-12 12:45","2026-05-12 13:30","00:45",,,,
"Pump","2026-05-12 12:40","2026-05-12 13:00","00:20","99ml",,,
"Diaper","2026-05-12 12:05",,"yellow","Runny",,"Both, pee:large poo:large",
"Feed","2026-05-12 11:44",,,"Breast Milk","Bottle","104ml",
"Pump","2026-05-12 10:01","2026-05-12 10:24","00:23","122ml",,,
"Diaper","2026-05-12 09:37",,"yellow","Runny",,"Both","Blow out..."
"Feed","2026-05-12 08:54",,,"Breast Milk","Bottle","106ml",
"Diaper","2026-05-12 06:53",,,,,"Pee:medium",
"Pump","2026-05-12 06:12","2026-05-12 06:32","00:20","90ml",,,
"Feed","2026-05-12 06:04",,,"Breast Milk","Bottle","110ml",
"Diaper","2026-05-12 03:58",,,,,"Pee:large",
"Pump","2026-05-12 03:25","2026-05-12 03:45","00:20","123ml",,,
"Feed","2026-05-12 03:24",,,"Breast Milk","Bottle","110ml",
"Diaper","2026-05-11 23:32",,"yellow","Loose",,"Both, pee:medium poo:medium",
"Pump","2026-05-11 23:24","2026-05-11 23:44","00:20","64ml",,,
"Feed","2026-05-11 22:54",,,"Breast Milk","Bottle","108ml",
"Pump","2026-05-11 20:43","2026-05-11 21:23","00:40","142ml",,,"Power pump session"
"Diaper","2026-05-11 20:35",,"yellow","Loose",,"Poo:small",
"Diaper","2026-05-11 20:05",,"yellow","Loose",,"Both, pee:small poo:small",
"Feed","2026-05-11 19:50",,,"Breast Milk","Bottle","100ml","Vitamin D"
"Diaper","2026-05-11 17:50",,"yellow","Loose",,"Both, pee:small poo:medium",
"Pump","2026-05-11 17:46","2026-05-11 18:08","00:22","89ml",,,
"Feed","2026-05-11 17:02",,,"Breast Milk","Bottle","102ml",
"Diaper","2026-05-11 15:54",,"yellow","Runny",,"Both, pee:small poo:large",
"Pump","2026-05-11 15:17","2026-05-11 15:37","00:20","120ml",,,
"Diaper","2026-05-11 14:31",,"yellow","Loose",,"Both, pee:medium poo:medium",
"Feed","2026-05-11 14:30",,,"Breast Milk","Bottle","106ml",
"Pump","2026-05-11 11:40","2026-05-11 11:55","00:15","52ml",,,
"Feed","2026-05-11 11:37",,,"Breast Milk","Bottle","40ml",
"Feed","2026-05-11 10:57","2026-05-11 11:18","00:20","00:11R","Breast","00:09L",
"Diaper","2026-05-11 10:03",,"yellow","Runny",,"Both, pee:small poo:large",
"Pump","2026-05-11 08:41","2026-05-11 09:01","00:20","108ml",,,
"Feed","2026-05-11 08:19",,,"Breast Milk","Bottle","105ml",
"Diaper","2026-05-11 08:17",,,,,"Pee:small",
"Diaper","2026-05-11 05:38",,"yellow","Runny",,"Both, pee:medium poo:large",
"Pump","2026-05-11 05:26","2026-05-11 05:46","00:20","106ml",,,
"Feed","2026-05-11 05:23",,,"Breast Milk","Bottle","100ml",
"Diaper","2026-05-11 02:28",,"yellow","Loose",,"Both, pee:medium poo:small",
"Pump","2026-05-11 02:11","2026-05-11 02:31","00:20","119ml",,,
"Feed","2026-05-11 02:08",,,"Breast Milk","Bottle","100ml",
"Pump","2026-05-10 22:31","2026-05-10 22:53","00:22","78ml",,,
"Feed","2026-05-10 22:20",,,"Breast Milk","Bottle","103ml",
"Diaper","2026-05-10 20:22",,"yellow","Runny",,"Both, pee:medium poo:small",
"Pump","2026-05-10 20:09","2026-05-10 20:29","00:20","92ml",,,
"Feed","2026-05-10 19:28",,,"Breast Milk","Bottle","105ml","Vitamin D"
"Diaper","2026-05-10 16:59",,,,,"Pee:medium",
"Pump","2026-05-10 16:39","2026-05-10 17:19","00:40","152ml",,,"Power pump session"
"Feed","2026-05-10 16:21",,,"Breast Milk","Bottle","107ml",
"Diaper","2026-05-10 15:11",,,,,"Pee:small",
"Diaper","2026-05-10 13:58",,"yellow","Loose","Diaper rash","Both, pee:medium poo:large",
"Pump","2026-05-10 13:27","2026-05-10 13:47","00:20","126ml",,,
"Feed","2026-05-10 13:20",,,"Breast Milk","Bottle","100ml",
"Bath","2026-05-10 12:35",,,,,,
"Diaper","2026-05-10 12:23",,,,,"Pee:medium",
"Feed","2026-05-10 10:45",,,"Breast Milk","Bottle","105ml",
"Pump","2026-05-10 09:39","2026-05-10 10:00","00:21","139ml",,,
"Diaper","2026-05-10 08:38",,,,,"Pee:medium",
"Feed","2026-05-10 08:02",,,"Breast Milk","Bottle","100ml",
"Diaper","2026-05-10 05:40",,"yellow","Loose","Diaper rash","Both, pee:medium poo:medium",
"Pump","2026-05-10 05:25","2026-05-10 05:45","00:20","93ml",,,
"Feed","2026-05-10 05:16",,,"Breast Milk","Bottle","100ml",
"Diaper","2026-05-10 03:24",,,,"Diaper rash","Pee:medium",
"Pump","2026-05-10 02:47","2026-05-10 03:07","00:20","135ml",,,
"Feed","2026-05-10 02:44",,,"Breast Milk","Bottle","100ml",
"Diaper","2026-05-09 22:53",,"yellow","Runny",,"Both, pee:small poo:medium",
"Pump","2026-05-09 22:22","2026-05-09 22:42","00:20","105ml",,,
"Feed","2026-05-09 22:22",,,"Breast Milk","Bottle","100ml","Vitamin D"
"Diaper","2026-05-09 20:21",,"yellow","Runny",,"Both, pee:small poo:medium",
"Diaper","2026-05-09 19:35",,,,"Diaper rash","Pee:large",
"Pump","2026-05-09 19:05","2026-05-09 19:25","00:20","77ml",,,
"Feed","2026-05-09 18:53",,,"Breast Milk","Bottle","100ml",
"Pump","2026-05-09 16:49","2026-05-09 17:09","00:20","115ml",,,
"Feed","2026-05-09 16:33",,,"Breast Milk","Bottle","100ml",
"Diaper","2026-05-09 15:00",,"yellow","Loose","Diaper rash","Both, pee:small poo:large",
"Pump","2026-05-09 13:50","2026-05-09 14:11","00:21","136ml",,,
"Feed","2026-05-09 13:31",,,"Breast Milk","Bottle","100ml",
"Diaper","2026-05-09 13:25",,,,"Diaper rash","Pee:medium",
"Feed","2026-05-09 10:13",,,"Breast Milk","Bottle","101ml",
"Pump","2026-05-09 09:24","2026-05-09 09:45","00:21","125ml",,,
"Diaper","2026-05-09 09:00",,,,"Diaper rash","Pee:medium",
"Growth","2026-05-09 08:25",,,"8.21lbs.oz",,,
"Diaper","2026-05-09 07:45",,"yellow","Loose",,"Both, pee:small poo:medium",
"Feed","2026-05-09 07:33",,,"Breast Milk","Bottle","40ml",
"Diaper","2026-05-09 06:34",,"yellow","Loose",,"Both, pee:small poo:large",
"Diaper","2026-05-09 05:43",,,,,"Pee:medium",
"Pump","2026-05-09 05:30","2026-05-09 05:50","00:20","100ml",,,
"Feed","2026-05-09 05:23",,,"Breast Milk","Bottle","100ml",
"Diaper","2026-05-09 02:34",,,,,"Pee:large",
"Pump","2026-05-09 02:26","2026-05-09 02:46","00:20","107ml",,,
"Feed","2026-05-09 02:11",,,"Breast Milk","Bottle","100ml",
"Diaper","2026-05-08 23:11",,,,,"Pee:large",
"Pump","2026-05-08 22:52","2026-05-08 23:10","00:18","70ml",,,
"Feed","2026-05-08 22:42",,,"Breast Milk","Bottle","105ml","Vitamin D "
"Pump","2026-05-08 20:44","2026-05-08 21:05","00:21","79ml",,,
"Feed","2026-05-08 20:26","2026-05-08 20:38","00:12","00:12R","Breast",,
"Feed","2026-05-08 20:12",,,"Breast Milk","Bottle","35ml",
"Feed","2026-05-08 19:45","2026-05-08 19:57","00:12","00:02R","Breast","00:10L",
"Diaper","2026-05-08 19:30",,,,,"Pee:large",
"Diaper","2026-05-08 18:13",,"yellow","Loose",,"Both, pee:medium poo:medium",
"Pump","2026-05-08 17:24","2026-05-08 17:44","00:20","101ml",,,
"Feed","2026-05-08 17:16",,,"Breast Milk","Bottle","100ml",
"Diaper","2026-05-08 15:24",,"yellow","Runny",,"Both, pee:small poo:medium",
"Diaper","2026-05-08 14:50",,"yellow","Loose",,"Poo:small",
"Diaper","2026-05-08 14:23",,"yellow","Runny",,"Both, pee:medium poo:medium",
"Pump","2026-05-08 14:14","2026-05-08 14:34","00:20","72ml",,,
"Feed","2026-05-08 14:02",,,"Breast Milk","Bottle","100ml",
"Diaper","2026-05-08 12:21",,,,,"Pee:medium",
"Pump","2026-05-08 11:41","2026-05-08 12:01","00:20","108ml",,,
"Feed","2026-05-08 11:35",,,"Breast Milk","Bottle","95ml",
"Diaper","2026-05-08 09:51",,"yellow","Loose",,"Both, pee:large poo:large",
"Feed","2026-05-08 09:00",,,"Breast Milk","Bottle","100ml",
"Pump","2026-05-08 08:50","2026-05-08 09:10","00:20","111ml",,,
"Diaper","2026-05-08 07:36",,"yellow","Runny",,"Both, pee:small poo:small",
"Diaper","2026-05-08 06:08",,"yellow","Loose",,"Both, pee:medium poo:medium",
"Pump","2026-05-08 05:30","2026-05-08 05:50","00:20","115ml",,,
"Feed","2026-05-08 05:23",,,"Breast Milk","Bottle","97ml",
"Diaper","2026-05-08 01:54",,"yellow","Loose",,"Both, pee:medium poo:small",
"Pump","2026-05-08 01:35","2026-05-08 01:56","00:21","110ml",,,
"Feed","2026-05-08 01:28",,,"Breast Milk","Bottle","100ml",
"Pump","2026-05-07 22:07","2026-05-07 22:28","00:21","109ml",,,
"Feed","2026-05-07 21:29",,,"Breast Milk","Bottle","104ml","Vitamin D"
"Diaper","2026-05-07 21:23",,"yellow","Loose",,"Both, pee:medium poo:small",
"Diaper","2026-05-07 19:27",,"yellow","Runny",,"Both, pee:large poo:small",
"Pump","2026-05-07 18:49","2026-05-07 19:09","00:20","86ml",,,
"Feed","2026-05-07 18:25",,,"Breast Milk","Bottle","93ml",
"Pump","2026-05-07 16:18","2026-05-07 16:38","00:20","105ml",,,
"Feed","2026-05-07 15:29",,,"Breast Milk","Bottle","91ml",
"Diaper","2026-05-07 15:03",,"yellow","Runny",,"Both, pee:large",
"Pump","2026-05-07 13:11","2026-05-07 13:31","00:20","97ml",,,
"Feed","2026-05-07 12:30",,,"Breast Milk","Bottle","100ml",
"Diaper","2026-05-07 11:00",,,"Runny",,"Both, pee:medium poo:medium",
"Pump","2026-05-07 10:10","2026-05-07 10:30","00:20","104ml",,,
"Diaper","2026-05-07 09:18",,,,,"Pee:medium",
"Feed","2026-05-07 09:18",,,"Breast Milk","Bottle","100ml",
"Diaper","2026-05-07 07:22",,"yellow","Runny",,"Both, pee:small poo:large",
"Diaper","2026-05-07 06:57",,"yellow","Runny",,"Both, pee:medium poo:small",
"Pump","2026-05-07 06:41","2026-05-07 07:01","00:20","93ml",,,
"Feed","2026-05-07 06:28",,,"Breast Milk","Bottle","90ml",
"Diaper","2026-05-07 04:14",,,,,"Pee:large",
"Pump","2026-05-07 03:51","2026-05-07 04:11","00:20","118ml",,,
"Feed","2026-05-07 03:45",,,"Breast Milk","Bottle","96ml",
"Diaper","2026-05-07 00:42",,"yellow","Loose",,"Poo:large",
"Feed","2026-05-07 00:11",,,"Breast Milk","Bottle","95ml",
"Pump","2026-05-06 23:36","2026-05-06 23:56","00:20","116ml",,,
"Diaper","2026-05-06 22:40",,"yellow","Loose",,"Both, pee:large poo:large",
"Diaper","2026-05-06 22:07",,,,,"Pee:large",
"Feed","2026-05-06 21:16",,,"Breast Milk","Bottle","97ml",
"Pump","2026-05-06 19:51","2026-05-06 20:11","00:20","90ml",,,
"Diaper","2026-05-06 18:30",,"yellow","Runny",,"Both, pee:large poo:small",
"Feed","2026-05-06 18:16",,,"Breast Milk","Bottle","95ml",
"Pump","2026-05-06 16:12","2026-05-06 16:52","00:40","118ml",,,"Power pump session"
"Feed","2026-05-06 15:32",,,"Breast Milk","Bottle","95ml",
"Diaper","2026-05-06 15:15",,,,,"Pee:large","Wet skid"
"Diaper","2026-05-06 14:10",,"yellow","Loose",,"Both, pee:medium poo:medium",
"Diaper","2026-05-06 13:43",,"yellow","Loose",,"Both, pee:large poo:large",
"Pump","2026-05-06 13:25","2026-05-06 13:45","00:20","83ml",,,
"Feed","2026-05-06 12:55",,,"Breast Milk","Bottle","95ml",
"Pump","2026-05-06 10:57","2026-05-06 11:18","00:21","111ml",,,
"Diaper","2026-05-06 10:55",,"yellow","Runny",,"Both, pee:medium poo:medium",
"Feed","2026-05-06 10:06",,,"Breast Milk","Bottle","95ml",
"Diaper","2026-05-06 07:20",,"yellow","Loose",,"Both, pee:large poo:medium",
"Pump","2026-05-06 07:12","2026-05-06 07:32","00:20","97ml",,,
"Feed","2026-05-06 07:10",,,"Breast Milk","Bottle","95ml",
"Diaper","2026-05-06 04:35",,,,,"Pee:medium","Skid mark"
"Pump","2026-05-06 03:52","2026-05-06 04:12","00:20","100ml",,,
"Feed","2026-05-06 03:51",,,"Breast Milk","Bottle","95ml",
"Diaper","2026-05-06 00:30",,,,,"Pee",
"Pump","2026-05-06 00:07","2026-05-06 00:27","00:20","67ml",,,
"Feed","2026-05-06 00:03",,,"Breast Milk","Bottle","95ml",
"Diaper","2026-05-05 22:28",,,,,"Pee:large",
"Pump","2026-05-05 22:16","2026-05-05 22:36","00:20","95ml",,,
"Feed","2026-05-05 21:16",,,"Breast Milk","Bottle","95ml",
"Diaper","2026-05-05 21:00",,,,,"Pee:large",
"Pump","2026-05-05 19:37","2026-05-05 19:57","00:20","112ml",,,
"Feed","2026-05-05 19:05",,,"Breast Milk","Bottle","80ml",
"Diaper","2026-05-05 17:19",,,,,"Pee:small",
"Diaper","2026-05-05 16:50",,"yellow","Runny",,"Both, pee:medium poo:large",
"Pump","2026-05-05 16:08","2026-05-05 16:28","00:20","102ml",,,
"Feed","2026-05-05 15:54",,,"Breast Milk","Bottle","90ml",
"Diaper","2026-05-05 15:52",,"yellow","Runny",,"Both, pee:large poo:small",
"Feed","2026-05-05 12:57",,,"Breast Milk","Bottle","90ml",
"Pump","2026-05-05 12:42","2026-05-05 13:02","00:20","67ml",,,
"Diaper","2026-05-05 12:35",,"yellow","Runny",,"Both, pee:large poo:large",
"Feed","2026-05-05 10:00",,,"Breast Milk","Bottle","98ml",
"Diaper","2026-05-05 09:51",,"yellow","Runny",,"Both, pee:large poo:medium",
"Pump","2026-05-05 09:16","2026-05-05 09:56","00:40","198ml",,,"Power pump session"
"Feed","2026-05-05 06:55",,,"Breast Milk","Bottle","95ml",
"Diaper","2026-05-05 06:47",,,,,"Pee:large","Skid"
"Feed","2026-05-05 03:44",,,"Breast Milk","Bottle","95ml",
"Diaper","2026-05-05 03:43",,,,,"Pee:large","With skid mark"
"Pump","2026-05-05 03:39","2026-05-05 03:59","00:20","116ml",,,
"Feed","2026-05-04 23:48",,,"Breast Milk","Bottle","96ml",
"Pump","2026-05-04 23:21","2026-05-04 23:41","00:20","113ml",,,
"Diaper","2026-05-04 22:48",,"yellow","Loose",,"Both, pee:medium poo:small",
"Bath","2026-05-04 21:45",,,,,,
"Diaper","2026-05-04 21:30",,"yellow","Runny",,"Both, pee:large poo:small",
"Feed","2026-05-04 21:00",,,"Breast Milk","Bottle","95ml",
"Pump","2026-05-04 19:32","2026-05-04 19:52","00:20","108ml",,,
"Feed","2026-05-04 17:58",,,"Breast Milk","Bottle","84ml",
"Diaper","2026-05-04 17:44",,"yellow","Runny",,"Both, pee:small poo:small",
"Diaper","2026-05-04 17:18",,"yellow","Loose",,"Poo:small",
"Pump","2026-05-04 16:03","2026-05-04 16:23","00:20","98ml",,,
"Diaper","2026-05-04 15:57",,,,,"Both, pee:medium poo:large",
"Feed","2026-05-04 15:25",,,"Breast Milk","Bottle","90ml",
"Diaper","2026-05-04 13:00",,"yellow","Loose",,"Both, pee:large poo:small",
"Pump","2026-05-04 12:53","2026-05-04 13:13","00:20","103ml",,,
"Feed","2026-05-04 12:27",,,"Breast Milk","Bottle","85ml",
"Feed","2026-05-04 09:51",,,"Breast Milk","Bottle","88ml",
"Pump","2026-05-04 09:38","2026-05-04 09:58","00:20","136ml",,,
"Diaper","2026-05-04 09:33",,,,,"Pee:medium","Skid"
"Diaper","2026-05-04 07:30",,"yellow","Runny",,"Both, pee:large poo:small",
"Feed","2026-05-04 06:48",,,"Breast Milk","Bottle","85ml",
"Diaper","2026-05-04 04:49",,"yellow","Runny",,"Both, pee:medium poo:medium",
"Pump","2026-05-04 04:10","2026-05-04 04:30","00:20","96ml",,,
"Feed","2026-05-04 04:08",,,"Breast Milk","Bottle","85ml",
"Diaper","2026-05-04 02:28",,,,,"Pee:medium",
"Diaper","2026-05-04 01:18",,,,,"Pee:large",
"Feed","2026-05-04 00:58",,,"Breast Milk","Bottle","85ml",
"Pump","2026-05-04 00:54","2026-05-04 01:14","00:20","89ml",,,
"Pump","2026-05-03 21:55","2026-05-03 22:15","00:20","130ml",,,
"Feed","2026-05-03 21:47",,,"Breast Milk","Bottle","85ml",
"Diaper","2026-05-03 20:40",,,,,"Pee:large",
"Diaper","2026-05-03 19:40",,"yellow","Loose",,"Both, pee:medium poo:large",
"Feed","2026-05-03 18:40",,,"Breast Milk","Bottle","85ml",
"Diaper","2026-05-03 18:30",,"yellow","Loose",,"Both, pee:medium poo:small",
"Pump","2026-05-03 17:54","2026-05-03 18:14","00:20","104ml",,,
"Diaper","2026-05-03 16:00",,"yellow","Runny",,"Both, pee:medium poo:medium",
"Feed","2026-05-03 16:00",,,"Breast Milk","Bottle","82ml",
"Pump","2026-05-03 14:34","2026-05-03 14:54","00:20","94ml",,,
"Feed","2026-05-03 13:09",,,"Breast Milk","Bottle","85ml",
"Diaper","2026-05-03 13:05",,"yellow","Runny",,"Both, pee:large poo:medium",
"Pump","2026-05-03 11:46","2026-05-03 12:06","00:20","144ml",,,
"Feed","2026-05-03 10:25",,,"Breast Milk","Bottle","46ml",
"Diaper","2026-05-03 09:16",,"yellow","Loose",,"Both, pee:medium poo:medium",
"Feed","2026-05-03 08:59",,,"Breast Milk","Bottle","85ml",
"Diaper","2026-05-03 06:15",,"yellow","Loose",,"Both, pee:medium poo:large",
"Feed","2026-05-03 05:49",,,"Breast Milk","Bottle","90ml",
"Pump","2026-05-03 05:42","2026-05-03 06:22","00:40","243ml",,,"Power pump session "
"Diaper","2026-05-03 02:21",,,,,"Pee:large","Skid mark"
"Feed","2026-05-03 01:54",,,"Breast Milk","Bottle","90ml",
"Diaper","2026-05-02 23:00",,"yellow","Loose",,"Both, pee:medium poo:small",
"Pump","2026-05-02 22:42","2026-05-02 23:02","00:20","125ml",,,
"Feed","2026-05-02 22:36",,,"Breast Milk","Bottle","90ml",
"Sleep","2026-05-02 21:03","2026-05-02 22:30","01:26",,,,
"Diaper","2026-05-02 20:52",,"yellow","Runny",,"Both, pee:medium poo:medium",
"Feed","2026-05-02 20:08",,,"Breast Milk","Bottle","86ml",
"Pump","2026-05-02 18:46","2026-05-02 19:06","00:20","99ml",,,
"Sleep","2026-05-02 18:39","2026-05-02 20:07","01:28",,,,
"Diaper","2026-05-02 17:47",,"yellow","Runny",,"Both, pee:medium poo:medium",
"Feed","2026-05-02 17:30",,,"Breast Milk","Bottle","85ml",
"Sleep","2026-05-02 16:42","2026-05-02 18:00","01:17",,,,
"Diaper","2026-05-02 15:58",,"yellow","Loose",,"Both, pee:small poo:medium",
"Diaper","2026-05-02 15:27",,"yellow","Loose",,"Both, pee:medium poo:small",
"Pump","2026-05-02 15:05","2026-05-02 15:25","00:20","97ml",,,
"Feed","2026-05-02 14:58",,,"Breast Milk","Bottle","85ml",
"Sleep","2026-05-02 14:08","2026-05-02 15:00","00:52",,,,
"Diaper","2026-05-02 13:31",,"yellow","Loose",,"Both, pee:medium poo:large",
"Sleep","2026-05-02 12:55","2026-05-02 13:23","00:28",,,,
"Pump","2026-05-02 12:39","2026-05-02 12:59","00:20","131ml",,,
"Feed","2026-05-02 12:22",,,"Breast Milk","Bottle","80ml",
"Diaper","2026-05-02 12:21",,,,,"Pee:medium","Skid mark"
"Sleep","2026-05-02 11:18","2026-05-02 12:18","01:00",,,,
"Sleep","2026-05-02 10:12","2026-05-02 11:13","01:00",,,,
"Feed","2026-05-02 09:30",,,"Breast Milk","Bottle","78ml",
"Diaper","2026-05-02 09:01",,"yellow","Runny",,"Both, pee:medium poo:medium",
"Feed","2026-05-02 07:02",,,"Breast Milk","Bottle","86ml",
"Diaper","2026-05-02 06:52",,,,,"Pee:large","Skid mark"
"Pump","2026-05-02 06:50","2026-05-02 07:30","00:40","228ml",,,"Power pump session"
"Feed","2026-05-02 03:12",,,"Breast Milk","Bottle","85ml",
"Diaper","2026-05-02 03:03",,"yellow","Runny",,"Both, pee:large poo:medium",
"Diaper","2026-05-02 00:23",,"yellow","Loose",,"Both, pee:medium poo:medium",
"Pump","2026-05-02 00:14","2026-05-02 00:34","00:20","115ml",,,
"Feed","2026-05-02 00:06",,,"Breast Milk","Bottle","85ml",
"Diaper","2026-05-01 22:30",,"yellow","Runny",,"Both, pee:medium poo:medium",
"Feed","2026-05-01 21:30",,,"Breast Milk","Bottle","85ml",
"Diaper","2026-05-01 19:58",,"yellow","Loose",,"Both, pee:large poo:small",
"Pump","2026-05-01 19:25","2026-05-01 19:45","00:20","69ml",,,
"Feed","2026-05-01 19:20",,,"Breast Milk","Bottle","68ml",
"Pump","2026-05-01 16:30","2026-05-01 17:10","00:40","168ml",,,"Power pump session"
"Feed","2026-05-01 16:22",,,"Breast Milk","Bottle","87ml",
"Diaper","2026-05-01 16:14",,"yellow","Runny",,"Both, pee:large poo:small",
"Feed","2026-05-01 16:10","2026-05-01 16:17","00:07",,"Breast","00:07L",
"Sleep","2026-05-01 13:43","2026-05-01 15:59","02:16",,,,
"Feed","2026-05-01 13:00",,,"Breast Milk","Bottle","85ml",
"Diaper","2026-05-01 12:58",,"yellow","Runny",,"Both, pee:small poo:small",
"Sleep","2026-05-01 12:22","2026-05-01 12:52","00:30",,,,
"Diaper","2026-05-01 12:15",,,,,"Pee:medium",
"Pump","2026-05-01 12:10","2026-05-01 12:30","00:20","99ml",,,
"Diaper","2026-05-01 11:07",,,,,"Pee:large",
"Feed","2026-05-01 10:23",,,"Breast Milk","Bottle","80ml",
"Diaper","2026-05-01 09:39",,"yellow","Loose",,"Both, pee:large poo:small","Large skid mark\n"
"Pump","2026-05-01 08:58","2026-05-01 09:18","00:20","150ml",,,
"Feed","2026-05-01 07:30",,,"Breast Milk","Bottle","85ml",
"Diaper","2026-05-01 04:10",,"yellow","Loose",,"Both, pee:medium poo:large",
"Pump","2026-05-01 03:42","2026-05-01 03:57","00:15","90ml",,,
"Feed","2026-05-01 03:37",,,"Breast Milk","Bottle","80ml",
"Diaper","2026-04-30 23:53",,"yellow","Loose",,"Both, pee:medium poo:small",
"Pump","2026-04-30 23:17","2026-04-30 23:38","00:21","75ml",,,
"Feed","2026-04-30 23:13",,,"Breast Milk","Bottle","80ml",
"Feed","2026-04-30 22:26","2026-04-30 22:34","00:08",,"Breast","00:08L",
"Diaper","2026-04-30 22:18",,"yellow","Runny",,"Both, pee:medium poo:small",
"Feed","2026-04-30 21:02",,,"Breast Milk","Bottle","70ml",
"Diaper","2026-04-30 20:30",,"yellow","Runny",,"Both, pee:large poo:medium",
"Pump","2026-04-30 18:44","2026-04-30 19:24","00:40","139ml",,,"Power pump session "
"Feed","2026-04-30 18:28",,,"Breast Milk","Bottle","75ml",
"Diaper","2026-04-30 17:25",,"yellow","Runny",,"Both, pee:medium poo:large",
"Pump","2026-04-30 15:20","2026-04-30 15:40","00:20","125ml",,,
"Feed","2026-04-30 15:19",,,"Breast Milk","Bottle","82ml",
"Diaper","2026-04-30 15:15",,,,,"Pee:small",
"Bath","2026-04-30 14:10",,,,,,
"Diaper","2026-04-30 14:00",,,,,"Pee:medium",
"Feed","2026-04-30 13:45",,,"Breast Milk","Bottle","35ml",
"Feed","2026-04-30 13:04","2026-04-30 13:31","00:26","00:15R","Breast","00:11L",
"Growth","2026-04-30 11:30",,,"7.61lbs.oz",,,
"Diaper","2026-04-30 10:37",,"yellow","Runny",,"Both, pee:large poo:medium",
"Pump","2026-04-30 10:11","2026-04-30 10:26","00:15","70ml",,,
"Feed","2026-04-30 10:06",,,"Breast Milk","Bottle","80ml",
"Pump","2026-04-30 08:05","2026-04-30 08:25","00:20","103ml",,,
"Feed","2026-04-30 07:16",,,"Breast Milk","Bottle","90ml",
"Diaper","2026-04-30 06:45",,"yellow","Loose",,"Both, pee:large poo:small",
"Diaper","2026-04-30 03:55",,,,,"Pee:medium","With skid mark"
"Pump","2026-04-30 03:36","2026-04-30 03:56","00:20","87ml",,,
"Feed","2026-04-30 03:34",,,"Breast Milk","Bottle","80ml",
"Pump","2026-04-30 01:12","2026-04-30 01:32","00:20","116ml",,,
"Diaper","2026-04-30 01:10",,"yellow","Loose",,"Both, pee:medium poo:small",
"Feed","2026-04-30 00:49",,,"Breast Milk","Bottle","80ml",
"Feed","2026-04-29 22:09",,,"Breast Milk","Bottle","72ml",
"Feed","2026-04-29 21:40","2026-04-29 21:45","00:04","00:04R","Breast",,
"Diaper","2026-04-29 21:21",,,,,"Pee:large",
"Pump","2026-04-29 19:50","2026-04-29 20:10","00:20","82ml",,,
"Feed","2026-04-29 19:44",,,"Breast Milk","Bottle","65ml",
"Feed","2026-04-29 19:22","2026-04-29 19:34","00:11","00:03R","Breast","00:07L",
"Diaper","2026-04-29 17:08",,"yellow","Runny",,"Both, pee:small poo:medium",
"Pump","2026-04-29 16:44","2026-04-29 17:04","00:20","113ml",,,
"Feed","2026-04-29 16:40",,,"Breast Milk","Bottle","75ml",
"Diaper","2026-04-29 15:26",,,,,"Pee",
"Diaper","2026-04-29 13:09",,"yellow","Runny",,"Both, pee:medium poo:medium",
"Feed","2026-04-29 13:09",,,"Breast Milk","Bottle","80ml",
"Pump","2026-04-29 12:04","2026-04-29 12:24","00:20","101ml",,,
"Diaper","2026-04-29 11:12",,"yellow","Runny",,"Both, pee:small poo:large",
"Diaper","2026-04-29 10:47",,"yellow","Loose",,"Both, pee:medium poo:small",
"Feed","2026-04-29 10:18",,,"Breast Milk","Bottle","40ml",
"Feed","2026-04-29 09:48","2026-04-29 10:12","00:24","00:11R","Breast","00:13L",
"Diaper","2026-04-29 09:42",,,,,"Pee:medium","Skid mark 🚗"
"Diaper","2026-04-29 07:15",,,,,"Pee:medium",
"Pump","2026-04-29 06:40","2026-04-29 07:00","00:20","155ml",,,
"Feed","2026-04-29 06:38",,,"Breast Milk","Bottle","75ml",
"Diaper","2026-04-29 04:39",,,,,"Pee:large",
"Feed","2026-04-29 04:07",,,"Breast Milk","Bottle","60ml",
"Diaper","2026-04-29 01:41",,"brown","Runny",,"Both, pee:medium poo:medium",
"Diaper","2026-04-29 00:49",,,,,"Pee:medium","Some shards"
"Feed","2026-04-29 00:08",,,"Breast Milk","Bottle","75ml",
"Pump","2026-04-29 00:05","2026-04-29 00:25","00:20","63ml",,,
"Diaper","2026-04-28 22:30",,,,,"Pee:large",
"Pump","2026-04-28 22:16","2026-04-28 22:36","00:20","72ml",,,
"Feed","2026-04-28 22:07",,,"Breast Milk","Bottle","52ml",
"Feed","2026-04-28 21:33","2026-04-28 21:54","00:21","00:09R","Breast","00:11L",
"Pump","2026-04-28 18:55","2026-04-28 19:15","00:20","95ml",,,
"Feed","2026-04-28 18:39",,,"Breast Milk","Bottle","75ml",
"Diaper","2026-04-28 18:36",,"yellow","Runny",,"Both, pee:small poo:medium",
"Diaper","2026-04-28 18:35",,,,,"Pee:small",
"Diaper","2026-04-28 16:15",,,,,"Pee:medium",
"Pump","2026-04-28 15:31","2026-04-28 15:51","00:20","91ml",,,
"Feed","2026-04-28 15:30",,,"Breast Milk","Bottle","75ml",
"Diaper","2026-04-28 14:08",,"brown","Runny",,"Both, pee:small poo:medium",
"Diaper","2026-04-28 12:52",,,,,"Pee:medium",
"Pump","2026-04-28 12:06","2026-04-28 12:21","00:15","60ml",,,
"Feed","2026-04-28 12:00",,,"Breast Milk","Bottle","72ml",
"Diaper","2026-04-28 11:45",,,,,"Pee:medium",
"Feed","2026-04-28 10:15","2026-04-28 10:45","00:30","00:15R","Breast","00:15L",
"Diaper","2026-04-28 09:05",,,,,"Pee:small",
"Diaper","2026-04-28 08:07",,"yellow","Loose",,"Both, pee:medium poo:large",
"Pump","2026-04-28 07:50","2026-04-28 08:10","00:20","107ml",,,
"Feed","2026-04-28 07:30",,,"Breast Milk","Bottle","80ml",
"Feed","2026-04-28 04:41",,,"Breast Milk","Bottle","76ml",
"Pump","2026-04-28 04:40","2026-04-28 05:00","00:20","114ml",,,
"Diaper","2026-04-28 04:30",,"yellow","Runny",,"Both",
"Feed","2026-04-28 02:27",,,"Breast Milk","Bottle","75ml",
"Feed","2026-04-28 00:34","2026-04-28 00:46","00:11",,"Breast","00:11L",
"Diaper","2026-04-27 23:25",,"yellow","Loose",,"Both, pee:small poo:medium",
"Pump","2026-04-27 23:00","2026-04-27 23:20","00:20","60ml",,,
"Feed","2026-04-27 22:52",,,"Breast Milk","Bottle","59ml",
"Diaper","2026-04-27 22:48",,,,,"Pee:small","Skid mark🚗"
"Diaper","2026-04-27 21:40",,"yellow","Runny",,"Both, pee:medium poo:medium","Pee on the wall too... 🐓"
"Pump","2026-04-27 20:25","2026-04-27 21:05","00:40","105ml",,,"Power pump session"
"Feed","2026-04-27 20:17",,,"Breast Milk","Bottle","78ml",
"Diaper","2026-04-27 17:55",,,,,"Pee:medium","Peed in diaper right as I put it on 🦃"
"Diaper","2026-04-27 17:55",,"yellow","Runny",,"Both, pee:medium poo:medium",
"Pump","2026-04-27 17:25","2026-04-27 17:45","00:20","76ml",,,
"Feed","2026-04-27 17:20",,,"Breast Milk","Bottle","76ml",
"Diaper","2026-04-27 15:07",,,,,"Pee:large","Pee on rag"
"Pump","2026-04-27 14:34","2026-04-27 14:54","00:20","59ml",,,
"Feed","2026-04-27 14:30",,,"Breast Milk","Bottle","53ml",
"Feed","2026-04-27 14:03","2026-04-27 14:22","00:18","00:08R","Breast","00:10L",
"Pump","2026-04-27 11:55","2026-04-27 12:11","00:16","43ml",,,
"Diaper","2026-04-27 11:36",,,,,"Pee:small",
"Feed","2026-04-27 11:19",,,"Breast Milk","Bottle","39ml",
"Feed","2026-04-27 10:54","2026-04-27 11:14","00:20","00:10R","Breast","00:10L",
"Pump","2026-04-27 08:49","2026-04-27 09:09","00:20","119ml",,,
"Diaper","2026-04-27 07:47",,"yellow","Runny",,"Both, pee:medium poo:medium",
"Feed","2026-04-27 07:30",,,"Breast Milk","Bottle","80ml",
"Diaper","2026-04-27 04:19",,"yellow","Runny",,"Both, pee:medium poo:medium",
"Pump","2026-04-27 04:05","2026-04-27 04:25","00:20","76ml",,,
"Feed","2026-04-27 04:02",,,"Breast Milk","Bottle","80ml",
"Pump","2026-04-27 00:40","2026-04-27 01:00","00:20","78ml",,,
"Feed","2026-04-27 00:33",,,"Breast Milk","Bottle","80ml",
"Diaper","2026-04-27 00:08",,,,,"Pee:medium","Skid mark"
"Pump","2026-04-26 21:40","2026-04-26 22:00","00:20","86ml",,,
"Feed","2026-04-26 21:35",,,"Breast Milk","Bottle","75ml",
"Diaper","2026-04-26 21:11",,"yellow","Loose",,"Both, pee:small poo:small",
"Diaper","2026-04-26 19:11",,,,,"Pee:medium","Lil skid mark 🚗"
"Feed","2026-04-26 18:37",,,"Breast Milk","Bottle","75ml",
"Pump","2026-04-26 18:35","2026-04-26 18:55","00:20","75ml",,,
"Diaper","2026-04-26 16:18",,"yellow","Loose",,"Poo:medium",
"Pump","2026-04-26 15:43","2026-04-26 16:03","00:20","80ml",,,
"Feed","2026-04-26 15:35",,,"Breast Milk","Bottle","75ml",
"Diaper","2026-04-26 15:30",,"yellow","Loose",,"Both, pee:medium poo:small","Poop was more like a hearty skid mark 🚗"
"Pump","2026-04-26 12:41","2026-04-26 13:01","00:20","56ml",,,
"Feed","2026-04-26 12:31",,,"Breast Milk","Bottle","72ml",
"Diaper","2026-04-26 11:24",,"yellow","Runny",,"Both, pee:medium poo:large",
"Pump","2026-04-26 10:00","2026-04-26 10:40","00:40","128ml",,,"Power pump session"
"Feed","2026-04-26 09:29",,,"Breast Milk","Bottle","75ml",
"Diaper","2026-04-26 07:05",,"yellow","Runny",,"Both, pee:medium poo:medium",
"Pump","2026-04-26 06:30","2026-04-26 06:50","00:20","65ml",,,
"Feed","2026-04-26 06:21",,,"Breast Milk","Bottle","75ml",
"Diaper","2026-04-26 03:39",,"yellow","Loose",,"Both, pee:large poo:small",
"Feed","2026-04-26 03:25",,,"Breast Milk","Bottle","75ml",
"Pump","2026-04-26 03:24","2026-04-26 03:44","00:20","92ml",,,
"Diaper","2026-04-26 00:05",,"yellow","Loose",,"Both, pee:medium poo:large",
"Pump","2026-04-25 23:45","2026-04-26 00:05","00:20","65ml",,,
"Feed","2026-04-25 23:40",,,"Breast Milk","Bottle","75ml",
"Feed","2026-04-25 22:01",,,"Breast Milk","Bottle","12ml",
"Diaper","2026-04-25 21:49",,,,,"Pee:large","Skid mark 🚗"
"Pump","2026-04-25 21:03","2026-04-25 21:23","00:20","55ml",,,
"Feed","2026-04-25 21:01",,,"Breast Milk","Bottle","45ml",
"Feed","2026-04-25 20:29","2026-04-25 20:49","00:20","00:10R","Breast","00:10L",
"Diaper","2026-04-25 18:32",,"yellow","Loose",,"Both, pee:medium poo:large",
"Pump","2026-04-25 18:01","2026-04-25 18:21","00:20","75ml",,,
"Feed","2026-04-25 17:51",,,"Breast Milk","Bottle","72ml",
"Pump","2026-04-25 14:57","2026-04-25 15:17","00:20","100ml",,,
"Feed","2026-04-25 14:55",,,"Breast Milk","Bottle","65ml",
"Diaper","2026-04-25 13:21",,,,,"Pee:small",
"Diaper","2026-04-25 12:57",,"yellow","Loose",,"Both, pee:medium poo:medium",
"Feed","2026-04-25 12:11",,,"Breast Milk","Bottle","35ml",
"Feed","2026-04-25 11:30","2026-04-25 12:04","00:33","00:15R","Breast","00:18L",
"Pump","2026-04-25 09:57","2026-04-25 10:17","00:20","75ml",,,
"Diaper","2026-04-25 09:27",,,,,"Pee:large","Little skid mark 🚗"
"Feed","2026-04-25 08:48",,,"Breast Milk","Bottle","70ml",
"Diaper","2026-04-25 06:41",,"yellow","Loose",,"Both, pee:medium poo:small",
"Pump","2026-04-25 06:36","2026-04-25 06:56","00:20","72ml",,,
"Feed","2026-04-25 06:28",,,"Breast Milk","Bottle","75ml",
"Diaper","2026-04-25 03:50",,"yellow","Loose",,"Both, pee:large poo:medium",
"Feed","2026-04-25 03:24",,,"Breast Milk","Bottle","75ml",
"Pump","2026-04-25 03:23","2026-04-25 03:43","00:20","93ml",,,
"Diaper","2026-04-25 00:35",,"yellow","Loose",,"Poo:medium",
"Feed","2026-04-24 23:56",,,"Breast Milk","Bottle","80ml",
"Pump","2026-04-24 23:55","2026-04-25 00:15","00:20","70ml",,,
"Diaper","2026-04-24 23:42",,"yellow","Loose",,"Both, pee:medium poo:medium",
"Feed","2026-04-24 22:04",,,"Breast Milk","Bottle","45ml",
"Diaper","2026-04-24 21:33",,"yellow","Loose",,"Both, pee:medium poo:medium",
"Feed","2026-04-24 21:32","2026-04-24 21:49","00:17",,"Breast","00:17L","Used nipple shield "
"Pump","2026-04-24 18:33","2026-04-24 19:13","00:40","100ml",,,"Power pump session"
"Feed","2026-04-24 18:15",,,"Breast Milk","Bottle","80ml",
"Diaper","2026-04-24 17:37",,"yellow","Loose",,"Both, pee:medium poo:small",
"Diaper","2026-04-24 16:35",,,,,"Pee:small",
"Bath","2026-04-24 16:25",,,,,,
"Pump","2026-04-24 15:34","2026-04-24 15:55","00:21","65ml",,,
"Feed","2026-04-24 15:30",,,"Breast Milk","Bottle","70ml",
"Diaper","2026-04-24 15:28",,"yellow","Loose",,"Both, pee:medium poo:medium",
"Diaper","2026-04-24 14:11",,"yellow","Loose",,"Both, pee:medium poo:large",
"Diaper","2026-04-24 13:10",,"yellow","Loose",,"Both, pee:medium poo:medium",
"Pump","2026-04-24 13:00","2026-04-24 13:20","00:20","69ml",,,
"Feed","2026-04-24 12:40",,,"Breast Milk","Bottle","70ml",
"Diaper","2026-04-24 12:26",,,,,"Pee:medium",
"Pump","2026-04-24 10:22","2026-04-24 10:42","00:20","80ml",,,
"Feed","2026-04-24 09:50",,,"Breast Milk","Bottle","78ml",
"Diaper","2026-04-24 09:35",,"yellow","Loose",,"Both, pee:medium poo:large",
"Feed","2026-04-24 07:34",,,"Breast Milk","Bottle","75ml",
"Pump","2026-04-24 07:20","2026-04-24 07:40","00:20","114ml",,,
"Diaper","2026-04-24 07:20",,,,,"Pee:large","Also had skid mark"
"Feed","2026-04-24 03:50",,,"Formula","Bottle","56ml",
"Diaper","2026-04-24 03:23",,"yellow","Loose",,"Both, pee:large poo:medium",
"Feed","2026-04-24 03:07",,,"Formula","Bottle","56ml",
"Pump","2026-04-24 03:05","2026-04-24 03:25","00:20","107ml",,,
"Feed","2026-04-24 00:52",,,"Formula","Bottle","56ml",
"Feed","2026-04-23 23:25",,,"Formula","Bottle","56ml",
"Diaper","2026-04-23 22:59",,"yellow","Loose",,"Both, pee:large poo:medium",
"Feed","2026-04-23 21:27",,,"Formula","Bottle","56ml",
"Diaper","2026-04-23 21:20",,,,,"Pee:small",
"Diaper","2026-04-23 20:26",,"yellow","Loose",,"Both, pee:large poo:large",
"Pump","2026-04-23 20:19","2026-04-23 20:39","00:20","75ml",,,
"Feed","2026-04-23 20:06",,,"Breast Milk","Bottle","70ml",
"Diaper","2026-04-23 17:35",,"yellow","Loose",,"Both, pee:large poo:medium",
"Pump","2026-04-23 17:08","2026-04-23 17:28","00:20","61ml",,,
"Feed","2026-04-23 17:03",,,"Breast Milk","Bottle","75ml",
"Diaper","2026-04-23 14:47",,"yellow","Loose",,"Both, pee:large poo:medium",
"Pump","2026-04-23 14:18","2026-04-23 14:38","00:20","57ml",,,
"Feed","2026-04-23 14:16",,,"Breast Milk","Bottle","69ml",
"Feed","2026-04-23 12:15","2026-04-23 12:19","00:04",,"Breast","00:04L",
"Diaper","2026-04-23 11:46",,"yellow","Loose",,"Both, pee:large poo:medium",
"Pump","2026-04-23 11:30","2026-04-23 11:50","00:20","69ml",,,
"Feed","2026-04-23 11:16",,,"Breast Milk","Bottle","68ml",
"Diaper","2026-04-23 09:37",,"yellow","Loose",,"Both, pee:medium poo:medium",
"Pump","2026-04-23 08:40","2026-04-23 09:00","00:20","80ml",,,
"Feed","2026-04-23 08:35",,,"Formula","Bottle","40ml",
"Feed","2026-04-23 08:15","2026-04-23 08:30","00:15","00:10R","Breast","00:05L",
"Diaper","2026-04-23 08:00",,,,,"Pee:small",
"Diaper","2026-04-23 07:07",,"yellow","Loose",,"Both, pee:medium poo:small",
"Feed","2026-04-23 06:00",,,"Formula","Bottle","56ml",
"Pump","2026-04-23 05:53","2026-04-23 06:08","00:15","75ml",,,
"Diaper","2026-04-23 04:09",,"yellow","Loose",,"Both, pee:medium poo:medium",
"Feed","2026-04-23 03:30",,,"Formula","Bottle","56ml",
"Feed","2026-04-23 01:47",,,"Formula","Bottle","56ml",
"Diaper","2026-04-23 00:37",,"yellow","Loose",,"Both, pee:medium poo:medium",
"Feed","2026-04-23 00:12",,,"Breast Milk","Bottle","70ml",
"Pump","2026-04-22 23:25","2026-04-22 23:50","00:25","53ml",,,
"Feed","2026-04-22 22:16","2026-04-22 22:26","00:10","00:10R","Breast",,
"Diaper","2026-04-22 21:49",,"yellow","Loose",,"Both, pee:medium poo:small",
"Diaper","2026-04-22 21:45",,"yellow","Loose",,"Both, pee:medium poo:medium",
"Feed","2026-04-22 21:03",,,"Breast Milk","Bottle","61ml",
"Pump","2026-04-22 20:32","2026-04-22 20:52","00:20","46ml",,,
"Diaper","2026-04-22 18:59",,"brown","Loose",,"Both, pee:small poo:small",
"Pump","2026-04-22 18:06","2026-04-22 18:31","00:25","59ml",,,
"Feed","2026-04-22 18:04",,,"Breast Milk","Bottle","66ml",
"Diaper","2026-04-22 16:24",,,,,"Pee:large","Skid mark! Beep beep! "
"Pump","2026-04-22 15:17","2026-04-22 15:37","00:20","56ml",,,
"Feed","2026-04-22 15:10",,,"Breast Milk","Bottle","61ml",
"Diaper","2026-04-22 13:10",,"yellow","Loose",,"Both, pee:small poo:medium",
"Pump","2026-04-22 12:49","2026-04-22 13:09","00:20","61ml",,,
"Feed","2026-04-22 12:27",,,"Breast Milk","Bottle","67ml",
"Growth","2026-04-22 11:30",,,"6.88lbs.oz",,,
"Diaper","2026-04-22 11:24",,,,,"Pee:small",
"Diaper","2026-04-22 10:39",,"yellow","Loose",,"Poo:medium",
"Diaper","2026-04-22 10:33",,"yellow","Loose",,"Both, pee:large poo:small",
"Pump","2026-04-22 10:20","2026-04-22 10:35","00:15","38ml",,,
"Feed","2026-04-22 10:12",,,"Breast Milk","Bottle","30ml",
"Feed","2026-04-22 08:48","2026-04-22 08:58","00:09",,"Breast","00:09L",
"Pump","2026-04-22 08:35","2026-04-22 08:50","00:15","50ml",,,
"Feed","2026-04-22 08:30",,,"Formula","Bottle","60ml",
"Diaper","2026-04-22 05:36",,"yellow","Loose",,"Both, pee:medium poo:medium",
"Pump","2026-04-22 05:29","2026-04-22 05:49","00:20","75ml",,,
"Feed","2026-04-22 05:25",,,"Formula","Bottle","73ml",
"Feed","2026-04-22 02:24",,,"Formula","Bottle","70ml",
"Diaper","2026-04-22 01:12",,"yellow","Loose",,"Both, pee:medium poo:small",
"Feed","2026-04-22 00:32",,,"Breast Milk","Bottle","54ml",
"Pump","2026-04-22 00:03","2026-04-22 00:23","00:20","48ml",,,
"Diaper","2026-04-21 22:51",,,,,"Pee:small",
"Feed","2026-04-21 22:05",,,"Breast Milk","Bottle","70ml",
"Pump","2026-04-21 21:35","2026-04-21 21:55","00:20","50ml",,,
"Diaper","2026-04-21 19:52",,"yellow","Loose",,"Both, pee:large poo:large",
"Feed","2026-04-21 19:20",,,"Breast Milk","Bottle","60ml",
"Pump","2026-04-21 18:48","2026-04-21 19:08","00:20","60ml",,,
"Feed","2026-04-21 16:40",,,"Breast Milk","Bottle","54ml",
"Pump","2026-04-21 16:05","2026-04-21 16:25","00:20","54ml",,,
"Diaper","2026-04-21 14:48",,,,,"Pee:large",
"Feed","2026-04-21 14:09",,,"Breast Milk","Bottle","60ml",
"Pump","2026-04-21 13:35","2026-04-21 13:55","00:20","50ml",,,
"Diaper","2026-04-21 12:16",,"yellow","Loose",,"Both, pee:large poo:large",
"Feed","2026-04-21 11:47",,,"Breast Milk","Bottle","83ml",
"Pump","2026-04-21 11:09","2026-04-21 11:29","00:20","58ml",,,
"Feed","2026-04-21 09:35",,,"Breast Milk","Bottle","25ml",
"Diaper","2026-04-21 09:15",,"yellow","Loose",,"Both, pee:large poo:medium",
"Feed","2026-04-21 08:42","2026-04-21 08:53","00:10",,"Breast","00:10L",
"Pump","2026-04-21 08:22","2026-04-21 08:37","00:15","47ml",,,
"Feed","2026-04-21 08:18",,,"Breast Milk","Bottle","60ml",
"Diaper","2026-04-21 06:05",,"yellow","Loose",,"Both, pee:large poo:medium",
"Pump","2026-04-21 05:50","2026-04-21 06:10","00:20","60ml",,,
"Feed","2026-04-21 05:35",,,"Formula","Bottle","56ml",
"Diaper","2026-04-21 03:56",,"yellow","Loose",,"Both, pee:large poo:medium",
"Feed","2026-04-21 03:10",,,"Formula","Bottle","80ml",
"Feed","2026-04-21 02:52",,,"Formula","Bottle","56ml",
"Pump","2026-04-21 00:39","2026-04-21 00:58","00:19","49ml",,,
"Feed","2026-04-20 23:48",,,"Formula","Bottle","56ml",
"Diaper","2026-04-20 23:38",,"yellow","Loose",,"Both, pee:medium poo:medium",
"Feed","2026-04-20 22:46",,,"Breast Milk","Bottle","64ml",
"Pump","2026-04-20 22:15","2026-04-20 22:33","00:18","51ml",,,
"Diaper","2026-04-20 20:57",,"brown","Loose",,"Both, pee:small poo:medium",
"Feed","2026-04-20 20:09",,,"Breast Milk","Bottle","73ml",
"Pump","2026-04-20 19:44","2026-04-20 19:59","00:15","46ml",,,
"Diaper","2026-04-20 18:24",,"brown","Loose",,"Both, pee:medium poo:medium",
"Pump","2026-04-20 18:02","2026-04-20 18:20","00:18","39ml",,,
"Feed","2026-04-20 17:37",,,"Breast Milk","Bottle","62ml",
"Diaper","2026-04-20 15:46",,"yellow","Loose",,"Both, pee:medium poo:medium",
"Feed","2026-04-20 15:17",,,"Breast Milk","Bottle","71ml",
"Pump","2026-04-20 14:54","2026-04-20 15:10","00:16","46ml",,,
"Diaper","2026-04-20 13:13",,"yellow","Loose",,"Both, pee:medium poo:medium",
"Pump","2026-04-20 12:55","2026-04-20 13:12","00:17","62ml",,,
"Feed","2026-04-20 12:45",,,"Breast Milk","Bottle","70ml",
"Diaper","2026-04-20 11:15",,"yellow","Loose",,"Both, pee:medium poo:medium",
"Pump","2026-04-20 09:51","2026-04-20 10:07","00:16","5ml",,,
"Diaper","2026-04-20 09:50",,"yellow","Loose",,"Both, pee:medium poo:medium",
"Feed","2026-04-20 09:40",,,"Breast Milk","Bottle","20ml",
"Feed","2026-04-20 09:20",,,"Formula","Bottle","56ml",
"Diaper","2026-04-20 06:35",,"brown","Loose",,"Both, pee:medium poo:medium",
"Pump","2026-04-20 06:22","2026-04-20 06:38","00:16","50ml",,,
"Feed","2026-04-20 06:15",,,"Formula","Bottle","56ml",
"Diaper","2026-04-20 03:56",,"brown","Loose","Diaper rash","Both, pee:medium poo:large",
"Feed","2026-04-20 03:11",,,"Breast Milk","Bottle","56ml",
"Diaper","2026-04-20 01:01",,,,,"Pee:medium",
"Feed","2026-04-20 01:00",,,"Breast Milk","Bottle","29ml",
"Pump","2026-04-20 00:40","2026-04-20 00:55","00:15","29ml",,,
"Feed","2026-04-20 00:37",,,"Breast Milk","Bottle","35ml",
"Feed","2026-04-19 22:50",,,"Breast Milk","Bottle","20ml",
"Diaper","2026-04-19 22:36",,"yellow","Loose","Diaper rash","Both, pee:medium poo:medium",
"Feed","2026-04-19 22:35",,,"Breast Milk","Bottle","22ml",
"Pump","2026-04-19 22:19","2026-04-19 22:34","00:15","22ml",,,
"Feed","2026-04-19 22:10",,,"Breast Milk","Bottle","28ml",
"Feed","2026-04-19 21:37","2026-04-19 21:52","00:15",,"Breast","00:15L",
"Diaper","2026-04-19 21:14",,"brown","Loose",,"Both, pee:medium poo:small",
"Pump","2026-04-19 18:59","2026-04-19 19:39","00:40","68ml",,,"Power pump session"
"Feed","2026-04-19 18:50",,,"Breast Milk","Bottle","45ml",
"Feed","2026-04-19 18:35","2026-04-19 18:39","00:04",,"Breast","00:04L",
"Diaper","2026-04-19 16:31",,"yellow","Loose",,"Poo:medium",
"Pump","2026-04-19 16:17","2026-04-19 16:32","00:15","28ml",,,
"Diaper","2026-04-19 15:35",,"yellow","Loose",,"Both, pee:large poo:large",
"Feed","2026-04-19 15:35","2026-04-19 15:58","00:22","00:06R","Breast","00:15L",
"Pump","2026-04-19 12:56","2026-04-19 13:12","00:16","45ml",,,
"Feed","2026-04-19 12:20","2026-04-19 12:40","00:20","00:11R","Breast","00:08L",
"Diaper","2026-04-19 11:30",,"yellow","Solid",,"Both, pee:medium poo:large",
"Pump","2026-04-19 09:18","2026-04-19 09:34","00:16","39ml",,,
"Feed","2026-04-19 09:05",,,"Breast Milk","Bottle","57ml",
"Pump","2026-04-19 07:00","2026-04-19 07:20","00:20","57ml",,,
"Diaper","2026-04-19 06:14",,"yellow","Loose",,"Both, pee:medium poo:large",
"Diaper","2026-04-19 05:47",,"yellow","Loose",,"Both, pee:medium poo:large",
"Feed","2026-04-19 05:35",,,"Formula","Bottle","88ml",
"Diaper","2026-04-19 03:33",,"yellow","Loose",,"Both, pee:small poo:large",
"Diaper","2026-04-19 03:06",,"yellow","Loose",,"Both, pee:large poo:large",
"Feed","2026-04-19 02:45",,,"Formula","Bottle","56ml","Formula"
"Diaper","2026-04-19 00:32",,"yellow","Loose",,"Both, pee:medium poo:large",
"Feed","2026-04-19 00:15",,,"Formula","Bottle","14ml",
"Feed","2026-04-18 23:40",,,"Breast Milk","Bottle","56ml",
"Feed","2026-04-18 22:39","2026-04-18 22:58","00:18","00:02R","Breast","00:15L",
"Pump","2026-04-18 21:35","2026-04-18 21:50","00:15","13ml",,,
"Feed","2026-04-18 20:28","2026-04-18 20:55","00:27","00:16R","Breast","00:10L",
"Diaper","2026-04-18 20:27",,"yellow","Loose",,"Both, pee:small poo:small",
"Pump","2026-04-18 18:33","2026-04-18 18:48","00:15","23ml",,,"\n\n\n\n\n\n\n\n"
"Feed","2026-04-18 18:04","2026-04-18 18:17","00:13","00:05R","Breast","00:07L",
"Diaper","2026-04-18 18:00",,"yellow","Loose",,"Both, pee:medium poo:medium",
"Feed","2026-04-18 16:39","2026-04-18 16:58","00:19","00:07R","Breast","00:11L",
"Diaper","2026-04-18 16:17",,"yellow","Loose",,"Both, pee:medium poo:medium",
"Pump","2026-04-18 16:11","2026-04-18 16:26","00:15","20ml",,,
"Feed","2026-04-18 16:10",,,"Breast Milk","Bottle","28ml",
"Feed","2026-04-18 15:40","2026-04-18 15:51","00:11","00:11R","Breast",,
"Bath","2026-04-18 13:00",,,,,,
"Diaper","2026-04-18 12:56",,,,,"Pee:medium",
"Feed","2026-04-18 12:22","2026-04-18 12:48","00:25","00:10R","Breast","00:15L",
"Pump","2026-04-18 10:48","2026-04-18 11:03","00:15","10ml",,"10ml",
"Feed","2026-04-18 09:35","2026-04-18 10:07","00:32","00:10R","Breast","00:21L",
"Diaper","2026-04-18 09:15",,"yellow","Loose",,"Both, pee:medium poo:medium",
"Feed","2026-04-18 06:15",,,"Formula","Bottle","56ml",
"Diaper","2026-04-18 05:51",,"yellow","Loose",,"Both, pee:small poo:medium",
"Feed","2026-04-18 04:56","2026-04-18 05:12","00:15","00:10R","Breast","00:05L",
"Diaper","2026-04-18 04:40",,,,,"Pee:medium",
"Diaper","2026-04-18 03:28",,"yellow","Loose",,"Both, pee:medium poo:medium",
"Feed","2026-04-18 03:18","2026-04-18 03:53","00:35","00:15R","Breast","00:20L",
"Diaper","2026-04-18 00:45",,,,,"Pee:medium",
"Feed","2026-04-17 23:59","2026-04-18 00:11","00:12","00:12R","Breast",,
"Feed","2026-04-17 23:23","2026-04-17 23:34","00:10",,"Breast","00:10L",
"Diaper","2026-04-17 21:55",,"yellow","Loose",,"Both, pee:medium poo:medium",
"Feed","2026-04-17 21:47","2026-04-17 22:16","00:29","00:15R","Breast","00:13L",
"Diaper","2026-04-17 19:51",,"brown","Loose",,"Both, pee:medium poo:small","Skidmark poop. Nothing too big. "
"Feed","2026-04-17 19:30","2026-04-17 20:13","00:42","00:16R","Breast","00:26L",
"Diaper","2026-04-17 17:55",,,,,"Pee:medium",
"Feed","2026-04-17 17:18","2026-04-17 17:42","00:23","00:15R","Breast","00:08L",
"Diaper","2026-04-17 17:10",,"yellow","Loose",,"Both, pee:small poo:small",
"Diaper","2026-04-17 16:20",,"yellow","Loose",,"Both, pee:medium poo:large",
"Feed","2026-04-17 15:35","2026-04-17 16:08","00:32","00:18R","Breast","00:14L",
"Sleep","2026-04-17 13:52","2026-04-17 15:20","01:27",,,,"Bubs had to rock to get him to sleep\n"
"Feed","2026-04-17 12:40","2026-04-17 13:16","00:35","00:18R","Breast","00:17L",
"Diaper","2026-04-17 12:30",,"yellow","Loose",,"Both, pee:medium poo:medium",
"Sleep","2026-04-17 11:20","2026-04-17 12:30","01:10",,,,
"Diaper","2026-04-17 11:10",,"yellow","Loose",,"Both, pee:small poo:large","No fuss! "
"Pump","2026-04-17 11:08",,,"0ml",,"25ml","Pumped right side only for 18 minutes"
"Feed","2026-04-17 10:33","2026-04-17 10:54","00:21","00:02R","Breast","00:19L",
"Diaper","2026-04-17 10:30",,,,,"Pee:large","No fuss!"
"Sleep","2026-04-17 08:45","2026-04-17 10:35","01:50",,,,
"Feed","2026-04-17 07:49","2026-04-17 08:24","00:34","00:14R","Breast","00:20L",
"Diaper","2026-04-17 07:38",,,,,"Pee:medium",
"Feed","2026-04-17 04:54","2026-04-17 05:17","00:23","00:07R","Breast","00:15L",
"Diaper","2026-04-17 04:11",,"yellow","Loose",,"Both, pee:medium poo:small",
"Feed","2026-04-17 01:49","2026-04-17 02:21","00:31","00:11R","Breast","00:20L",
"Diaper","2026-04-17 01:30",,,,,"Pee",
"Diaper","2026-04-16 23:42",,"yellow","Loose",,"Both, pee:medium poo:large",
"Feed","2026-04-16 23:41","2026-04-17 00:14","00:33","00:16R","Breast","00:16L",
"Feed","2026-04-16 20:55","2026-04-16 21:35","00:39","00:15R","Breast","00:24L",
"Diaper","2026-04-16 20:39",,"brown","Loose",,"Both, pee:medium poo:medium",
"Feed","2026-04-16 17:39","2026-04-16 17:54","00:15",,"Breast","00:15L",
"Feed","2026-04-16 17:23",,,"Breast Milk","Bottle","40ml",
"Diaper","2026-04-16 16:45",,,,,"Pee:medium",
"Feed","2026-04-16 14:48","2026-04-16 15:23","00:34","00:19R","Breast","00:15L",
"Diaper","2026-04-16 14:45",,"yellow","Loose",,"Both, pee:small poo:medium",
"Feed","2026-04-16 11:43","2026-04-16 12:14","00:31","00:13R","Breast","00:17L",
"Diaper","2026-04-16 11:42",,,,,"Pee:small",
"Diaper","2026-04-16 11:15",,"yellow","Runny",,"Both, pee:small poo:large",
"Diaper","2026-04-16 11:05",,,,,"Pee:medium",
"Growth","2026-04-16 08:00",,,"6.48lbs.oz",,,
"Feed","2026-04-16 08:00","2026-04-16 08:30","00:30","00:15R","Breast","00:15L",
"Diaper","2026-04-16 06:32",,"brown","Loose",,"Both, pee:large poo:large",
"Feed","2026-04-16 05:36",,,"Breast Milk","Bottle","30ml",
"Feed","2026-04-16 03:14",,,"Formula","Bottle","53ml",
"Diaper","2026-04-16 01:50",,,,,"Pee:medium",
"Feed","2026-04-16 01:23",,,"Breast Milk","Bottle","20ml","Supplemented with 9ml of formula"
"Diaper","2026-04-15 23:59",,"yellow","Loose",,"Both, pee:large poo:medium",
"Feed","2026-04-15 22:42",,,"Breast Milk","Bottle","31ml","Supplemented with 40ml of formula"
"Diaper","2026-04-15 20:35",,"yellow","Loose",,"Both, pee:small poo:large",
"Feed","2026-04-15 19:45",,,"Breast Milk","Bottle","30ml","Supplemented with 21ml formula"
"Diaper","2026-04-15 17:10",,"brown","Loose",,"Poo:large",
"Feed","2026-04-15 16:36",,,"Breast Milk","Bottle","10ml","Supplemented with 25ml formula"
"Diaper","2026-04-15 15:00",,"yellow","Loose",,"Poo:large",
"Diaper","2026-04-15 14:21",,"yellow","Loose",,"Both, pee:small poo:medium",
"Feed","2026-04-15 13:45",,,"Breast Milk","Bottle","22ml","Supplemented with 21ml formula "
"Diaper","2026-04-15 13:30",,,,,"Pee:medium",
"Diaper","2026-04-15 11:30",,"brown","Loose",,"Both, pee:small poo:medium",
"Feed","2026-04-15 11:28",,,"Breast Milk","Bottle","20ml","Supplemented with 21ml formula"
"Diaper","2026-04-15 11:10",,"brown","Loose",,"Both, pee:medium poo:small",
"Diaper","2026-04-15 11:06",,"brown","Loose",,"Both, pee:large poo:small",
"Feed","2026-04-15 08:23",,,"Breast Milk","Bottle","30ml","Supplemented with 30 ml of formula "
"Diaper","2026-04-15 08:15",,"brown",,,"Both, pee:medium poo:medium",
"Feed","2026-04-15 05:23",,,"Formula","Bottle","43ml",
"Feed","2026-04-15 05:16",,,"Breast Milk","Bottle","16ml",
"Diaper","2026-04-15 05:00",,"brown","Loose",,"Both, pee:medium poo:medium",
"Diaper","2026-04-15 02:56",,"green","Mucousy",,"Poo:small","In my face "
"Diaper","2026-04-15 02:56",,,,,"Pee:medium","Up the back pee"
"Feed","2026-04-15 02:00",,,"Formula","Bottle","30ml",
"Feed","2026-04-15 01:54",,,"Breast Milk","Bottle","30ml",
"Diaper","2026-04-15 01:30",,,,,"Pee:medium",
"Feed","2026-04-14 23:25",,,"Formula","Bottle","38ml",
"Feed","2026-04-14 23:20",,,"Breast Milk","Bottle","18ml",
"Diaper","2026-04-14 23:12",,"brown","Solid",,"Both, pee:medium poo:small",
"Feed","2026-04-14 20:15",,,"Formula","Bottle","48ml",
"Feed","2026-04-14 20:10",,,"Breast Milk","Bottle","8ml",
"Diaper","2026-04-14 19:55",,"brown","Loose",,"Both, pee:large poo:medium",
"Feed","2026-04-14 17:15",,,"Formula","Bottle","56ml","Supplemented with 0.65ml hand expressed colostrum via syringe "
"Diaper","2026-04-14 17:00",,,,,"Pee:medium",
"Feed","2026-04-14 14:20",,,"Formula","Bottle","56ml","Supplemented with 0.70ml colostrum via syringe"
"Diaper","2026-04-14 14:00",,"green","Loose",,"Both, pee:large poo:medium",
"Diaper","2026-04-14 11:40",,"brown","Loose",,"Both, pee:medium poo:large","Holy shit. Literally. "
"Feed","2026-04-14 11:20",,,"Formula","Bottle","25ml","Supplemented with 0.75ml hand expressed colostrum via syringe "
"Diaper","2026-04-14 10:00",,"green","Mucousy",,"Both, pee:large poo:large",
"Feed","2026-04-14 09:05",,,"Formula","Bottle","56ml","Supplemented with 0.90ml hand expresssed colostrum via syringe "
"Feed","2026-04-14 07:10",,,"Formula","Bottle","26ml","Supplemented with 0.40ml hand expressed colostrum via syringe "
"Diaper","2026-04-14 06:48",,"brown","Solid",,"Both, pee:large poo:large",
"Feed","2026-04-14 02:15",,,"Formula","Bottle","56ml","Owen was especially hungry this feeding.  Supplemented with 1.05ml hand expressed colostrum via syringe "
"Diaper","2026-04-14 01:55",,"green","Mucousy",,"Both, pee:large poo:large",
"Feed","2026-04-14 00:10",,,"Formula","Bottle","56ml","Supplemented with 1.4ml expressed colostrum via syringe "
"Diaper","2026-04-13 23:50",,"green","Mucousy",,"Both, pee:large poo:medium",
"Feed","2026-04-13 21:20",,,"Formula","Bottle","50ml","Supplemented with 0.80ml hand expressed colostrum via syringe "
"Diaper","2026-04-13 21:15",,"green","Mucousy",,"Both, pee:large poo:small",
"Feed","2026-04-13 18:15",,,"Formula","Bottle","45ml","Supplemented with 0.75ml expressed colostrum via syringe "
"Diaper","2026-04-13 18:10",,"green","Mucousy",,"Both, pee:medium poo:medium",
"Feed","2026-04-13 15:10",,,"Formula","Bottle","41ml","Supplemented with 0.90 ml expressed colostrum via syringe "
"Diaper","2026-04-13 14:55",,,,,"Pee:large",
"Diaper","2026-04-13 12:32",,"green","Mucousy",,"Both, pee:medium poo:large",
"Feed","2026-04-13 12:00",,,"Formula","Bottle","50ml","Supplemented with 0.50ml colostrum via syringe "
"Growth","2026-04-13 10:22",,,"6.5lbs.oz",,,
"Diaper","2026-04-13 10:00",,"green","Mucousy",,"Both, pee:large poo:small",
"Feed","2026-04-13 09:00",,,"Formula","Bottle","37ml","Supplemented with 0.40ml Colostrum via syringe"
"Diaper","2026-04-13 08:46",,"brown","Mucousy",,"Both, pee:medium poo:small",
"Diaper","2026-04-13 05:31",,"green","Loose",,"Both, pee:large poo:small",
"Feed","2026-04-13 05:10",,,"Formula","Bottle","40ml","Supplemented with .35ml hand expressed colostrum"
"Feed","2026-04-13 02:00",,,"Formula","Bottle","36ml",
"Diaper","2026-04-13 00:07",,"green","Mucousy",,"Both, pee:large poo:small",
"Feed","2026-04-13 00:00",,,"Formula","Bottle","34ml","Supplemented with .2 mL of colostrum \n"
"Diaper","2026-04-12 21:48",,"green",,,"Both, pee:large poo:small",
"Feed","2026-04-12 20:55",,,"Formula","Bottle","31ml",
"Diaper","2026-04-12 19:44",,"green","Mucousy",,"Both, poo:large",
"Feed","2026-04-12 18:25","2026-04-12 18:27","00:02",,"Breast","00:02L",
"Feed","2026-04-12 18:07",,,"Formula","Bottle","29ml",
"Diaper","2026-04-12 16:49",,"green",,,"Both, pee:large poo:small",
"Feed","2026-04-12 14:00",,,"Formula","Bottle","24ml",
"Diaper","2026-04-12 13:58",,,,,"Pee",
"Feed","2026-04-12 11:36",,,"Other","Bottle","0ml","0.5ml hand expressed colostrum via syringe "
"Feed","2026-04-12 11:25","2026-04-12 11:27","00:02","00:02R","Breast",,
"Feed","2026-04-12 11:17",,,"Formula","Bottle","19ml",
"Feed","2026-04-12 11:10","2026-04-12 11:11","00:01",,"Breast","00:01L",
"Feed","2026-04-12 11:03","2026-04-12 11:04","00:01","00:01R","Breast",,
"Feed","2026-04-12 08:40","2026-04-12 08:41","00:01","00:01R","Breast",,
"Diaper","2026-04-12 08:35",,,,,"Pee:medium",
"Feed","2026-04-12 08:20",,,"Formula","Bottle","16ml",
"Feed","2026-04-12 08:15","2026-04-12 08:20","00:05",,"Breast","00:05L",
"Feed","2026-04-12 05:20",,,"Other","Bottle","1ml","1 ml of hand expressed colostrum via syringe (in 5 doses of .2ml)"
"Diaper","2026-04-12 05:00",,"black","Mucousy",,"Both, pee:small poo:small",
"Diaper","2026-04-12 01:56",,"black","Mucousy",,"Both, pee:medium poo:large",
"Feed","2026-04-12 01:35",,,"Formula","Bottle","14ml",
"Feed","2026-04-12 01:30",,,"Other","Bottle","0ml","0.1ml hand expressed colostrum via syringe"
"Feed","2026-04-11 23:55",,,"Other","Bottle",,"0.6ml of hand expressed colostrum via syringe "
"Feed","2026-04-11 21:12",,,"Other","Bottle",,"0.61 hand expressed colostrum via syringe "
"Diaper","2026-04-11 20:44",,,,,"Pee:small",
"Feed","2026-04-11 18:50","2026-04-11 18:52","00:01",,"Breast","00:01L",
"Feed","2026-04-11 18:36",,,"Other","Bottle","0ml","0.5ml hand expressed colostrum via syringe "
"Diaper","2026-04-11 18:11",,,,,"Pee:small",
"Diaper","2026-04-11 12:09",,"black","Mucousy",,"Poo:medium",
"Diaper","2026-04-11 09:46",,"black","Mucousy",,"Poo",
"Feed","2026-04-11 09:30","2026-04-11 09:45","00:15","00:07R","Breast","00:07L","Hand expressed .8 mL"
"Diaper","2026-04-11 05:46",,,,,"Pee:small",
"Diaper","2026-04-11 01:26",,"black","Mucousy",,"Poo:medium","First poop!"
"Growth","2026-04-10 13:52",,,"6.75lbs.oz",,,